Subject,Start Date,Start Time,End Date,End Time,All Day Event,Description,Location,Private
Advisory,8/25/2025,8:10 AM,8/25/2025,9:00 AM,,,,
Advisory,8/26/2025,9:40 AM,8/26/2025,10:00 AM,,,,
Advisory,8/28/2025,9:40 AM,8/28/2025,10:00 AM,,,,
Advisory,9/2/2025,9:40 AM,9/2/2025,10:00 AM,,,,
Advisory,9/4/2025,10:10 AM,9/4/2025,10:30 AM,,,,
Advisory,9/8/2025,9:40 AM,9/8/2025,10:00 AM,,,,
Advisory,9/11/2025,9:40 AM,9/11/2025,10:00 AM,,,,
Advisory,9/15/2025,10:10 AM,9/15/2025,10:30 AM,,,,
Advisory,9/18/2025,9:40 AM,9/18/2025,10:00 AM,,,,
Advisory,9/22/2025,10:10 AM,9/22/2025,10:30 AM,,,,
Advisory,9/25/2025,9:40 AM,9/25/2025,10:00 AM,,,,
Advisory,9/30/2025,9:40 AM,9/30/2025,10:00 AM,,,,
Advisory,10/2/2025,10:10 AM,10/2/2025,10:30 AM,,,,
Advisory,10/6/2025,9:40 AM,10/6/2025,10:00 AM,,,,
Advisory,10/9/2025,9:40 AM,10/9/2025,10:00 AM,,,,
Advisory,10/14/2025,9:40 AM,10/14/2025,10:00 AM,,,,
Advisory,10/16/2025,9:40 AM,10/16/2025,10:00 AM,,,,
Advisory,10/20/2025,10:10 AM,10/20/2025,10:30 AM,,,,
Advisory,10/23/2025,9:40 AM,10/23/2025,10:00 AM,,,,
Advisory,10/27/2025,9:40 AM,10/27/2025,10:00 AM,,,,
Advisory,10/30/2025,9:40 AM,10/30/2025,10:00 AM,,,,
Advisory,11/3/2025,9:40 AM,11/3/2025,10:00 AM,,,,
Advisory,11/6/2025,9:40 AM,11/6/2025,10:00 AM,,,,
Advisory,11/10/2025,9:40 AM,11/10/2025,10:00 AM,,,,
Advisory,11/13/2025,10:10 AM,11/13/2025,10:30 AM,,,,
Advisory,11/17/2025,9:40 AM,11/17/2025,10:00 AM,,,,
Advisory,11/20/2025,9:40 AM,11/20/2025,10:00 AM,,,,
Advisory,11/24/2025,10:10 AM,11/24/2025,10:30 AM,,,,
Advisory,12/1/2025,9:40 AM,12/1/2025,10:00 AM,,,,
Advisory,12/4/2025,9:40 AM,12/4/2025,10:00 AM,,,,
Advisory,12/8/2025,10:10 AM,12/8/2025,10:30 AM,,,,
Advisory,12/11/2025,10:10 AM,12/11/2025,10:30 AM,,,,
Advisory,1/6/2026,9:40 AM,1/6/2026,10:00 AM,,,,
Advisory,1/8/2026,9:40 AM,1/8/2026,10:00 AM,,,,
Advisory,1/12/2026,9:40 AM,1/12/2026,10:00 AM,,,,
Advisory,1/15/2026,9:40 AM,1/15/2026,10:00 AM,,,,
Advisory,1/20/2026,9:40 AM,1/20/2026,10:00 AM,,,,
Advisory,1/22/2026,9:40 AM,1/22/2026,10:00 AM,,,,
Advisory,1/26/2026,9:40 AM,1/26/2026,10:00 AM,,,,
Advisory,1/29/2026,9:40 AM,1/29/2026,10:00 AM,,,,
Advisory,2/2/2026,9:40 AM,2/2/2026,10:00 AM,,,,
Advisory,2/5/2026,9:40 AM,2/5/2026,10:00 AM,,,,
Advisory,2/9/2026,9:40 AM,2/9/2026,10:00 AM,,,,
Advisory,2/12/2026,9:40 AM,2/12/2026,10:00 AM,,,,
Advisory,2/17/2026,9:40 AM,2/17/2026,10:00 AM,,,,
Advisory,2/19/2026,9:40 AM,2/19/2026,10:00 AM,,,,
Advisory,2/23/2026,9:40 AM,2/23/2026,10:00 AM,,,,
Advisory,2/26/2026,9:40 AM,2/26/2026,10:00 AM,,,,
Advisory,3/2/2026,9:40 AM,3/2/2026,10:00 AM,,,,
Advisory,3/5/2026,9:40 AM,3/5/2026,10:00 AM,,,,
Advisory,3/9/2026,9:40 AM,3/9/2026,10:00 AM,,,,
Advisory,3/30/2026,9:40 AM,3/30/2026,10:00 AM,,,,
Advisory,4/2/2026,9:40 AM,4/2/2026,10:00 AM,,,,
Advisory,4/6/2026,9:40 AM,4/6/2026,10:00 AM,,,,
Advisory,4/9/2026,9:40 AM,4/9/2026,10:00 AM,,,,
Advisory,4/13/2026,9:40 AM,4/13/2026,10:00 AM,,,,
Advisory,4/16/2026,10:10 AM,4/16/2026,10:30 AM,,,,
Advisory,4/20/2026,9:40 AM,4/20/2026,10:00 AM,,,,
Advisory,4/27/2026,9:40 AM,4/27/2026,10:00 AM,,,,
Advisory,4/30/2026,9:40 AM,4/30/2026,10:00 AM,,,,
Advisory,5/4/2026,9:40 AM,5/4/2026,10:00 AM,,,,
Advisory,5/7/2026,10:10 AM,5/7/2026,10:30 AM,,,,
Advisory,5/11/2026,9:40 AM,5/11/2026,10:00 AM,,,,
Advisory,5/14/2026,9:40 AM,5/14/2026,10:00 AM,,,,
Advisory,5/18/2026,9:40 AM,5/18/2026,10:00 AM,,,,