Subject,Start Date,Start Time,End Date,End Time,All Day Event,Description,Location,Private
A1,8/26/2024,10:30 AM,8/26/2024,11:00 AM,,,,
A1,8/27/2024,8:10 AM,8/27/2024,8:55 AM,,,,
A1,9/6/2024,8:10 AM,9/6/2024,8:55 AM,,,,
A1,9/17/2024,8:10 AM,9/17/2024,8:55 AM,,,,
A1,9/26/2024,8:10 AM,9/26/2024,8:55 AM,,,,
A1,10/8/2024,8:10 AM,10/8/2024,8:55 AM,,,,
A1,10/21/2024,8:10 AM,10/21/2024,8:55 AM,,,,
A1,10/30/2024,8:10 AM,10/30/2024,8:55 AM,,,,
A1,11/8/2024,8:10 AM,11/8/2024,8:55 AM,,,,
A1,11/19/2024,8:10 AM,11/19/2024,8:55 AM,,,,
A1,12/3/2024,8:10 AM,12/3/2024,8:55 AM,,,,
A1,1/6/2025,8:10 AM,1/6/2025,8:55 AM,,,,
A1,1/15/2025,8:10 AM,1/15/2025,8:55 AM,,,,
A1,1/27/2025,8:10 AM,1/27/2025,8:55 AM,,,,
A1,2/5/2025,8:10 AM,2/5/2025,8:55 AM,,,,
A1,2/14/2025,8:10 AM,2/14/2025,8:55 AM,,,,
A1,2/26/2025,8:10 AM,2/26/2025,8:55 AM,,,,
A1,3/7/2025,8:10 AM,3/7/2025,8:55 AM,,,,
A1,4/2/2025,8:10 AM,4/2/2025,8:55 AM,,,,
A1,4/11/2025,8:10 AM,4/11/2025,8:55 AM,,,,
A1,4/22/2025,8:10 AM,4/22/2025,8:55 AM,,,,
A1,5/2/2025,8:10 AM,5/2/2025,8:55 AM,,,,
A1,5/13/2025,8:10 AM,5/13/2025,8:55 AM,,,,
A2,8/26/2024,11:00 AM,8/26/2024,11:30 AM,,,,
A2,8/27/2024,8:55 AM,8/27/2024,9:40 AM,,,,
A2,9/6/2024,8:55 AM,9/6/2024,9:40 AM,,,,
A2,9/17/2024,8:55 AM,9/17/2024,9:40 AM,,,,
A2,9/26/2024,8:55 AM,9/26/2024,9:40 AM,,,,
A2,10/8/2024,8:55 AM,10/8/2024,9:40 AM,,,,
A2,10/21/2024,8:55 AM,10/21/2024,9:40 AM,,,,
A2,10/30/2024,8:55 AM,10/30/2024,9:40 AM,,,,
A2,11/8/2024,8:55 AM,11/8/2024,9:40 AM,,,,
A2,11/19/2024,8:55 AM,11/19/2024,9:40 AM,,,,
A2,12/3/2024,8:55 AM,12/3/2024,9:40 AM,,,,
A2,1/6/2025,8:55 AM,1/6/2025,9:40 AM,,,,
A2,1/15/2025,8:55 AM,1/15/2025,9:40 AM,,,,
A2,1/27/2025,8:55 AM,1/27/2025,9:40 AM,,,,
A2,2/5/2025,8:55 AM,2/5/2025,9:40 AM,,,,
A2,2/14/2025,8:55 AM,2/14/2025,9:40 AM,,,,
A2,2/26/2025,8:55 AM,2/26/2025,9:40 AM,,,,
A2,3/7/2025,8:55 AM,3/7/2025,9:40 AM,,,,
A2,4/2/2025,8:55 AM,4/2/2025,9:40 AM,,,,
A2,4/11/2025,8:55 AM,4/11/2025,9:40 AM,,,,
A2,4/22/2025,8:55 AM,4/22/2025,9:40 AM,,,,
A2,5/2/2025,8:55 AM,5/2/2025,9:40 AM,,,,
A2,5/13/2025,8:55 AM,5/13/2025,9:40 AM,,,,
A3,8/26/2024,11:30 AM,8/26/2024,12:00 PM,,,,
A3,8/27/2024,10:00 AM,8/27/2024,10:45 AM,,,,
A3,9/6/2024,10:00 AM,9/6/2024,10:45 AM,,,,
A3,9/17/2024,10:00 AM,9/17/2024,10:45 AM,,,,
A3,9/26/2024,10:00 AM,9/26/2024,10:45 AM,,,,
A3,10/8/2024,10:00 AM,10/8/2024,10:45 AM,,,,
A3,10/21/2024,10:00 AM,10/21/2024,10:45 AM,,,,
A3,10/30/2024,10:00 AM,10/30/2024,10:45 AM,,,,
A3,11/8/2024,10:00 AM,11/8/2024,10:45 AM,,,,
A3,11/19/2024,10:00 AM,11/19/2024,10:45 AM,,,,
A3,12/3/2024,10:00 AM,12/3/2024,10:45 AM,,,,
A3,1/6/2025,10:00 AM,1/6/2025,10:45 AM,,,,
A3,1/15/2025,10:00 AM,1/15/2025,10:45 AM,,,,
A3,1/27/2025,10:00 AM,1/27/2025,10:45 AM,,,,
A3,2/5/2025,10:00 AM,2/5/2025,10:45 AM,,,,
A3,2/14/2025,10:00 AM,2/14/2025,10:45 AM,,,,
A3,2/26/2025,10:00 AM,2/26/2025,10:45 AM,,,,
A3,3/7/2025,10:00 AM,3/7/2025,10:45 AM,,,,
A3,4/2/2025,10:00 AM,4/2/2025,10:45 AM,,,,
A3,4/11/2025,10:00 AM,4/11/2025,10:45 AM,,,,
A3,4/22/2025,10:00 AM,4/22/2025,10:45 AM,,,,
A3,5/2/2025,10:00 AM,5/2/2025,10:45 AM,,,,
A3,5/13/2025,10:00 AM,5/13/2025,10:45 AM,,,,
A4,8/26/2024,12:00 PM,8/26/2024,12:30 PM,,,,
A4,8/27/2024,10:45 AM,8/27/2024,11:30 AM,,,,
A4,9/6/2024,10:45 AM,9/6/2024,11:30 AM,,,,
A4,9/17/2024,10:45 AM,9/17/2024,11:30 AM,,,,
A4,9/26/2024,10:45 AM,9/26/2024,11:30 AM,,,,
A4,10/8/2024,10:45 AM,10/8/2024,11:30 AM,,,,
A4,10/21/2024,10:45 AM,10/21/2024,11:30 AM,,,,
A4,10/30/2024,10:45 AM,10/30/2024,11:30 AM,,,,
A4,11/8/2024,10:45 AM,11/8/2024,11:30 AM,,,,
A4,11/19/2024,10:45 AM,11/19/2024,11:30 AM,,,,
A4,12/3/2024,10:45 AM,12/3/2024,11:30 AM,,,,
A4,1/6/2025,10:45 AM,1/6/2025,11:30 AM,,,,
A4,1/15/2025,10:45 AM,1/15/2025,11:30 AM,,,,
A4,1/27/2025,10:45 AM,1/27/2025,11:30 AM,,,,
A4,2/5/2025,10:45 AM,2/5/2025,11:30 AM,,,,
A4,2/14/2025,10:45 AM,2/14/2025,11:30 AM,,,,
A4,2/26/2025,10:45 AM,2/26/2025,11:30 AM,,,,
A4,3/7/2025,10:45 AM,3/7/2025,11:30 AM,,,,
A4,4/2/2025,10:45 AM,4/2/2025,11:30 AM,,,,
A4,4/11/2025,10:45 AM,4/11/2025,11:30 AM,,,,
A4,4/22/2025,10:45 AM,4/22/2025,11:30 AM,,,,
A4,5/2/2025,10:45 AM,5/2/2025,11:30 AM,,,,
A4,5/13/2025,10:45 AM,5/13/2025,11:30 AM,,,,
A5,8/26/2024,12:30 PM,8/26/2024,1:00 PM,,,,
A5,8/27/2024,11:30 AM,8/27/2024,12:15 PM,,,,
A5,9/6/2024,11:30 AM,9/6/2024,12:15 PM,,,,
A5,9/17/2024,11:30 AM,9/17/2024,12:15 PM,,,,
A5,9/26/2024,11:30 AM,9/26/2024,12:15 PM,,,,
A5,10/8/2024,11:30 AM,10/8/2024,12:15 PM,,,,
A5,10/21/2024,11:30 AM,10/21/2024,12:15 PM,,,,
A5,10/30/2024,11:30 AM,10/30/2024,12:15 PM,,,,
A5,11/8/2024,11:30 AM,11/8/2024,12:15 PM,,,,
A5,11/19/2024,11:30 AM,11/19/2024,12:15 PM,,,,
A5,12/3/2024,11:30 AM,12/3/2024,12:15 PM,,,,
A5,1/6/2025,11:30 AM,1/6/2025,12:15 PM,,,,
A5,1/15/2025,11:30 AM,1/15/2025,12:15 PM,,,,
A5,1/27/2025,11:30 AM,1/27/2025,12:15 PM,,,,
A5,2/5/2025,11:30 AM,2/5/2025,12:15 PM,,,,
A5,2/14/2025,11:30 AM,2/14/2025,12:15 PM,,,,
A5,2/26/2025,11:30 AM,2/26/2025,12:15 PM,,,,
A5,3/7/2025,11:30 AM,3/7/2025,12:15 PM,,,,
A5,4/2/2025,11:30 AM,4/2/2025,12:15 PM,,,,
A5,4/11/2025,11:30 AM,4/11/2025,12:15 PM,,,,
A5,4/22/2025,11:30 AM,4/22/2025,12:15 PM,,,,
A5,5/2/2025,11:30 AM,5/2/2025,12:15 PM,,,,
A5,5/13/2025,11:30 AM,5/13/2025,12:15 PM,,,,
A6,8/26/2024,1:00 PM,8/26/2024,1:30 PM,,,,
A6,8/27/2024,12:15 PM,8/27/2024,1:00 PM,,,,
A6,9/6/2024,12:15 PM,9/6/2024,1:00 PM,,,,
A6,9/17/2024,12:15 PM,9/17/2024,1:00 PM,,,,
A6,9/26/2024,12:15 PM,9/26/2024,1:00 PM,,,,
A6,10/8/2024,12:15 PM,10/8/2024,1:00 PM,,,,
A6,10/21/2024,12:15 PM,10/21/2024,1:00 PM,,,,
A6,10/30/2024,12:15 PM,10/30/2024,1:00 PM,,,,
A6,11/8/2024,12:15 PM,11/8/2024,1:00 PM,,,,
A6,11/19/2024,12:15 PM,11/19/2024,1:00 PM,,,,
A6,12/3/2024,12:15 PM,12/3/2024,1:00 PM,,,,
A6,1/6/2025,12:15 PM,1/6/2025,1:00 PM,,,,
A6,1/15/2025,12:15 PM,1/15/2025,1:00 PM,,,,
A6,1/27/2025,12:15 PM,1/27/2025,1:00 PM,,,,
A6,2/5/2025,12:15 PM,2/5/2025,1:00 PM,,,,
A6,2/14/2025,12:15 PM,2/14/2025,1:00 PM,,,,
A6,2/26/2025,12:15 PM,2/26/2025,1:00 PM,,,,
A6,3/7/2025,12:15 PM,3/7/2025,1:00 PM,,,,
A6,4/2/2025,12:15 PM,4/2/2025,1:00 PM,,,,
A6,4/11/2025,12:15 PM,4/11/2025,1:00 PM,,,,
A6,4/22/2025,12:15 PM,4/22/2025,1:00 PM,,,,
A6,5/2/2025,12:15 PM,5/2/2025,1:00 PM,,,,
A6,5/13/2025,12:15 PM,5/13/2025,1:00 PM,,,,
A7 - IS,8/26/2024,1:30 PM,8/26/2024,2:00 PM,,,,
A7 - IS,8/27/2024,1:00 PM,8/27/2024,1:45 PM,,,,
A7 - IS,9/6/2024,1:30 PM,9/6/2024,2:15 PM,,,,
A7 - IS,9/17/2024,1:00 PM,9/17/2024,1:45 PM,,,,
A7 - IS,9/26/2024,1:30 PM,9/26/2024,2:15 PM,,,,
A7 - IS,10/8/2024,1:00 PM,10/8/2024,1:45 PM,,,,
A7 - IS,10/21/2024,1:30 PM,10/21/2024,2:15 PM,,,,
A7 - IS,10/30/2024,1:30 PM,10/30/2024,2:15 PM,,,,
A7 - IS,11/8/2024,1:30 PM,11/8/2024,2:15 PM,,,,
A7 - IS,11/19/2024,1:00 PM,11/19/2024,1:45 PM,,,,
A7 - IS,12/3/2024,1:00 PM,12/3/2024,1:45 PM,,,,
A7 - IS,1/6/2025,1:30 PM,1/6/2025,2:15 PM,,,,
A7 - IS,1/15/2025,1:30 PM,1/15/2025,2:15 PM,,,,
A7 - IS,1/27/2025,1:30 PM,1/27/2025,2:15 PM,,,,
A7 - IS,2/5/2025,1:30 PM,2/5/2025,2:15 PM,,,,
A7 - IS,2/14/2025,1:30 PM,2/14/2025,2:15 PM,,,,
A7 - IS,2/26/2025,1:30 PM,2/26/2025,2:15 PM,,,,
A7 - IS,3/7/2025,1:30 PM,3/7/2025,2:15 PM,,,,
A7 - IS,4/2/2025,1:30 PM,4/2/2025,2:15 PM,,,,
A7 - IS,4/11/2025,1:30 PM,4/11/2025,2:15 PM,,,,
A7 - IS,4/22/2025,1:00 PM,4/22/2025,1:45 PM,,,,
A7 - IS,5/2/2025,1:30 PM,5/2/2025,2:15 PM,,,,
A7 - IS,5/13/2025,1:00 PM,5/13/2025,1:45 PM,,,,
A8,8/26/2024,2:00 PM,8/26/2024,2:30 PM,,,,
A8,8/27/2024,1:45 PM,8/27/2024,2:30 PM,,,,
A8,9/6/2024,2:15 PM,9/6/2024,3:00 PM,,,,
A8,9/17/2024,1:45 PM,9/17/2024,2:30 PM,,,,
A8,9/26/2024,2:15 PM,9/26/2024,3:00 PM,,,,
A8,10/8/2024,1:45 PM,10/8/2024,2:30 PM,,,,
A8,10/21/2024,2:15 PM,10/21/2024,3:00 PM,,,,
A8,10/30/2024,2:15 PM,10/30/2024,3:00 PM,,,,
A8,11/8/2024,2:15 PM,11/8/2024,3:00 PM,,,,
A8,11/19/2024,1:45 PM,11/19/2024,2:30 PM,,,,
A8,12/3/2024,1:45 PM,12/3/2024,2:30 PM,,,,
A8,1/6/2025,2:15 PM,1/6/2025,3:00 PM,,,,
A8,1/15/2025,2:15 PM,1/15/2025,3:00 PM,,,,
A8,1/27/2025,2:15 PM,1/27/2025,3:00 PM,,,,
A8,2/5/2025,2:15 PM,2/5/2025,3:00 PM,,,,
A8,2/14/2025,2:15 PM,2/14/2025,3:00 PM,,,,
A8,2/26/2025,2:15 PM,2/26/2025,3:00 PM,,,,
A8,3/7/2025,2:15 PM,3/7/2025,3:00 PM,,,,
A8,4/2/2025,2:15 PM,4/2/2025,3:00 PM,,,,
A8,4/11/2025,2:15 PM,4/11/2025,3:00 PM,,,,
A8,4/22/2025,1:45 PM,4/22/2025,2:30 PM,,,,
A8,5/2/2025,2:15 PM,5/2/2025,3:00 PM,,,,
A8,5/13/2025,1:45 PM,5/13/2025,2:30 PM,,,,
Adv,8/26/2024,8:10 AM,8/26/2024,9:00 AM,,,,
Adv,9/3/2024,9:40 AM,9/3/2024,10:00 AM,,,,
Adv,10/15/2024,9:40 AM,10/15/2024,10:00 AM,,,,
Adv,1/21/2025,10:10 AM,1/21/2025,10:30 AM,,,,
Adv,2/18/2025,9:40 AM,2/18/2025,10:00 AM,,,,
Adv/MM,8/28/2024,9:40 AM,8/28/2024,10:00 AM,,,,
Adv/MM,8/29/2024,9:40 AM,8/29/2024,10:00 AM,,,,
Adv/MM,8/30/2024,10:10 AM,8/30/2024,10:30 AM,,,,
Adv/MM,9/4/2024,9:40 AM,9/4/2024,10:00 AM,,,,
Adv/MM,9/5/2024,10:10 AM,9/5/2024,10:30 AM,,,,
Adv/MM,9/6/2024,9:40 AM,9/6/2024,10:00 AM,,,,
Adv/MM,9/9/2024,9:40 AM,9/9/2024,10:00 AM,,,,
Adv/MM,9/11/2024,10:10 AM,9/11/2024,10:30 AM,,,,
Adv/MM,9/12/2024,9:40 AM,9/12/2024,10:00 AM,,,,
Adv/MM,9/13/2024,9:40 AM,9/13/2024,10:00 AM,,,,
Adv/MM,9/16/2024,10:10 AM,9/16/2024,10:30 AM,,,,
Adv/MM,9/19/2024,9:40 AM,9/19/2024,10:00 AM,,,,
Adv/MM,9/20/2024,9:40 AM,9/20/2024,10:00 AM,,,,
Adv/MM,9/23/2024,10:10 AM,9/23/2024,10:30 AM,,,,
Adv/MM,9/25/2024,9:40 AM,9/25/2024,10:00 AM,,,,
Adv/MM,9/26/2024,9:40 AM,9/26/2024,10:00 AM,,,,
Adv/MM,9/27/2024,10:10 AM,9/27/2024,10:30 AM,,,,
Adv/MM,9/30/2024,9:40 AM,9/30/2024,10:00 AM,,,,
Adv/MM,10/2/2024,10:10 AM,10/2/2024,10:30 AM,,,,
Adv/MM,10/3/2024,9:40 AM,10/3/2024,10:00 AM,,,,
Adv/MM,10/4/2024,9:40 AM,10/4/2024,10:00 AM,,,,
Adv/MM,10/7/2024,10:10 AM,10/7/2024,10:30 AM,,,,
Adv/MM,10/9/2024,9:40 AM,10/9/2024,10:00 AM,,,,
Adv/MM,10/10/2024,9:40 AM,10/10/2024,10:00 AM,,,,
Adv/MM,10/11/2024,10:10 AM,10/11/2024,10:30 AM,,,,
Adv/MM,10/17/2024,9:40 AM,10/17/2024,10:00 AM,,,,
Adv/MM,10/18/2024,10:10 AM,10/18/2024,10:30 AM,,,,
Adv/MM,10/21/2024,9:40 AM,10/21/2024,10:00 AM,,,,
Adv/MM,10/23/2024,9:40 AM,10/23/2024,10:00 AM,,,,
Adv/MM,10/24/2024,10:10 AM,10/24/2024,10:30 AM,,,,
Adv/MM,10/25/2024,9:40 AM,10/25/2024,10:00 AM,,,,
Adv/MM,10/28/2024,9:40 AM,10/28/2024,10:00 AM,,,,
Adv/MM,10/30/2024,9:40 AM,10/30/2024,10:00 AM,,,,
Adv/MM,10/31/2024,9:40 AM,10/31/2024,10:00 AM,,,,
Adv/MM,11/1/2024,9:40 AM,11/1/2024,10:00 AM,,,,
Adv/MM,11/4/2024,10:10 AM,11/4/2024,10:30 AM,,,,
Adv/MM,11/6/2024,9:40 AM,11/6/2024,10:00 AM,,,,
Adv/MM,11/7/2024,10:10 AM,11/7/2024,10:30 AM,,,,
Adv/MM,11/8/2024,9:40 AM,11/8/2024,10:00 AM,,,,
Adv/MM,11/11/2024,9:40 AM,11/11/2024,10:00 AM,,,,
Adv/MM,11/13/2024,10:10 AM,11/13/2024,10:30 AM,,,,
Adv/MM,11/14/2024,9:40 AM,11/14/2024,10:00 AM,,,,
Adv/MM,11/15/2024,9:40 AM,11/15/2024,10:00 AM,,,,
Adv/MM,11/18/2024,10:10 AM,11/18/2024,10:30 AM,,,,
Adv/MM,11/20/2024,9:40 AM,11/20/2024,10:00 AM,,,,
Adv/MM,11/21/2024,9:40 AM,11/21/2024,10:00 AM,,,,
Adv/MM,11/22/2024,10:10 AM,11/22/2024,10:30 AM,,,,
Adv/MM,11/25/2024,9:40 AM,11/25/2024,10:00 AM,,,,
Adv/MM,12/2/2024,9:40 AM,12/2/2024,10:00 AM,,,,
Adv/MM,12/4/2024,9:40 AM,12/4/2024,10:00 AM,,,,
Adv/MM,12/5/2024,9:40 AM,12/5/2024,10:00 AM,,,,
Adv/MM,12/6/2024,10:10 AM,12/6/2024,10:30 AM,,,,
Adv/MM,12/9/2024,9:40 AM,12/9/2024,10:00 AM,,,,
Adv/MM,12/11/2024,10:10 AM,12/11/2024,10:30 AM,,,,
Adv/MM,1/6/2025,9:40 AM,1/6/2025,10:00 AM,,,,
Adv/MM,1/8/2025,9:40 AM,1/8/2025,10:00 AM,,,,
Adv/MM,1/9/2025,10:10 AM,1/9/2025,10:30 AM,,,,
Adv/MM,1/10/2025,9:40 AM,1/10/2025,10:00 AM,,,,
Adv/MM,1/13/2025,9:40 AM,1/13/2025,10:00 AM,,,,
Adv/MM,1/15/2025,9:40 AM,1/15/2025,10:00 AM,,,,
Adv/MM,1/16/2025,9:40 AM,1/16/2025,10:00 AM,,,,
Adv/MM,1/17/2025,9:40 AM,1/17/2025,10:00 AM,,,,
Adv/MM,1/22/2025,9:40 AM,1/22/2025,10:00 AM,,,,
Adv/MM,1/23/2025,9:40 AM,1/23/2025,10:00 AM,,,,
Adv/MM,1/24/2025,10:10 AM,1/24/2025,10:30 AM,,,,
Adv/MM,1/27/2025,9:40 AM,1/27/2025,10:00 AM,,,,
Adv/MM,1/29/2025,9:40 AM,1/29/2025,10:00 AM,,,,
Adv/MM,1/30/2025,10:10 AM,1/30/2025,10:30 AM,,,,
Adv/MM,1/31/2025,9:40 AM,1/31/2025,10:00 AM,,,,
Adv/MM,2/3/2025,9:40 AM,2/3/2025,10:00 AM,,,,
Adv/MM,2/5/2025,9:40 AM,2/5/2025,10:00 AM,,,,
Adv/MM,2/6/2025,9:40 AM,2/6/2025,10:00 AM,,,,
Adv/MM,2/7/2025,9:40 AM,2/7/2025,10:00 AM,,,,
Adv/MM,2/10/2025,10:10 AM,2/10/2025,10:30 AM,,,,
Adv/MM,2/12/2025,9:40 AM,2/12/2025,10:00 AM,,,,
Adv/MM,2/13/2025,10:10 AM,2/13/2025,10:30 AM,,,,
Adv/MM,2/14/2025,9:40 AM,2/14/2025,10:00 AM,,,,
Adv/MM,2/19/2025,9:40 AM,2/19/2025,10:00 AM,,,,
Adv/MM,2/20/2025,10:10 AM,2/20/2025,10:30 AM,,,,
Adv/MM,2/21/2025,9:40 AM,2/21/2025,10:00 AM,,,,
Adv/MM,2/24/2025,9:40 AM,2/24/2025,10:00 AM,,,,
Adv/MM,2/26/2025,9:40 AM,2/26/2025,10:00 AM,,,,
Adv/MM,2/27/2025,9:40 AM,2/27/2025,10:00 AM,,,,
Adv/MM,2/28/2025,9:40 AM,2/28/2025,10:00 AM,,,,
Adv/MM,3/3/2025,10:10 AM,3/3/2025,10:30 AM,,,,
Adv/MM,3/5/2025,9:40 AM,3/5/2025,10:00 AM,,,,
Adv/MM,3/6/2025,10:10 AM,3/6/2025,10:30 AM,,,,
Adv/MM,3/7/2025,9:40 AM,3/7/2025,10:00 AM,,,,
Adv/MM,3/10/2025,9:40 AM,3/10/2025,10:00 AM,,,,
Adv/MM,3/13/2025,10:10 AM,3/13/2025,10:30 AM,,,,
Adv/MM,3/14/2025,10:10 AM,3/14/2025,10:30 AM,,,,
Adv/MM,3/31/2025,9:40 AM,3/31/2025,10:00 AM,,,,
Adv/MM,4/2/2025,9:40 AM,4/2/2025,10:00 AM,,,,
Adv/MM,4/3/2025,9:40 AM,4/3/2025,10:00 AM,,,,
Adv/MM,4/4/2025,9:40 AM,4/4/2025,10:00 AM,,,,
Adv/MM,4/7/2025,10:10 AM,4/7/2025,10:30 AM,,,,
Adv/MM,4/9/2025,9:40 AM,4/9/2025,10:00 AM,,,,
Adv/MM,4/10/2025,10:10 AM,4/10/2025,10:30 AM,,,,
Adv/MM,4/11/2025,9:40 AM,4/11/2025,10:00 AM,,,,
Adv/MM,4/14/2025,9:40 AM,4/14/2025,10:00 AM,,,,
Adv/MM,4/16/2025,9:40 AM,4/16/2025,10:00 AM,,,,
Adv/MM,4/17/2025,9:40 AM,4/17/2025,10:00 AM,,,,
Adv/MM,4/18/2025,10:10 AM,4/18/2025,10:30 AM,,,,
Adv/MM,4/21/2025,10:10 AM,4/21/2025,10:30 AM,,,,
Adv/MM,4/23/2025,9:40 AM,4/23/2025,10:00 AM,,,,
Adv/MM,4/25/2025,9:40 AM,4/25/2025,10:00 AM,,,,
Adv/MM,4/28/2025,10:10 AM,4/28/2025,10:30 AM,,,,
Adv/MM,4/30/2025,9:40 AM,4/30/2025,10:00 AM,,,,
Adv/MM,5/1/2025,10:10 AM,5/1/2025,10:30 AM,,,,
Adv/MM,5/2/2025,9:40 AM,5/2/2025,10:00 AM,,,,
Adv/MM,5/5/2025,9:40 AM,5/5/2025,10:00 AM,,,,
Adv/MM,5/7/2025,10:10 AM,5/7/2025,10:30 AM,,,,
Adv/MM,5/8/2025,9:40 AM,5/8/2025,10:00 AM,,,,
Adv/MM,5/9/2025,9:40 AM,5/9/2025,10:00 AM,,,,
Adv/MM,5/12/2025,10:10 AM,5/12/2025,10:30 AM,,,,
Adv/MM,5/14/2025,9:40 AM,5/14/2025,10:00 AM,,,,
Adv/MM,5/15/2025,9:40 AM,5/15/2025,10:00 AM,,,,
Adv/MM,5/16/2025,10:10 AM,5/16/2025,10:30 AM,,,,
Adv/MM,5/19/2025,9:40 AM,5/19/2025,10:00 AM,,,,
Adv/MM,5/21/2025,10:10 AM,5/21/2025,10:30 AM,,,,
Advisory,8/27/2024,9:40 AM,8/27/2024,10:00 AM,,,,
ASM,8/26/2024,9:00 AM,8/26/2024,9:30 AM,,,,
ASM,9/4/2024,1:00 PM,9/4/2024,1:45 PM,,,,
ASM,9/13/2024,1:00 PM,9/13/2024,1:45 PM,,,,
ASM,9/25/2024,1:00 PM,9/25/2024,1:45 PM,,,,
ASM,10/4/2024,1:00 PM,10/4/2024,1:45 PM,,,,
ASM,10/17/2024,1:00 PM,10/17/2024,1:45 PM,,,,
ASM,10/28/2024,1:00 PM,10/28/2024,1:45 PM,,,,
ASM,11/6/2024,1:00 PM,11/6/2024,1:45 PM,,,,
ASM,11/15/2024,1:00 PM,11/15/2024,1:45 PM,,,,
ASM,12/2/2024,1:00 PM,12/2/2024,1:45 PM,,,,
ASM,1/13/2025,1:00 PM,1/13/2025,1:45 PM,,,,
ASM,1/23/2025,1:00 PM,1/23/2025,1:45 PM,,,,
ASM,2/3/2025,1:00 PM,2/3/2025,1:45 PM,,,,
ASM,2/12/2025,1:00 PM,2/12/2025,1:45 PM,,,,
ASM,2/24/2025,1:00 PM,2/24/2025,1:45 PM,,,,
ASM,3/5/2025,1:00 PM,3/5/2025,1:45 PM,,,,
ASM,4/9/2025,1:00 PM,4/9/2025,1:45 PM,,,,
ASM,4/16/2025,1:00 PM,4/16/2025,1:45 PM,,,,
ASM,4/30/2025,1:00 PM,4/30/2025,1:45 PM,,,,
ASM,5/9/2025,1:00 PM,5/9/2025,1:45 PM,,,,
ASM,5/20/2025,1:00 PM,5/20/2025,1:45 PM,,,,
B1,8/28/2024,8:10 AM,8/28/2024,8:55 AM,,,,
B1,9/9/2024,8:10 AM,9/9/2024,8:55 AM,,,,
B1,9/19/2024,8:10 AM,9/19/2024,8:55 AM,,,,
B1,9/30/2024,8:10 AM,9/30/2024,8:55 AM,,,,
B1,10/9/2024,8:10 AM,10/9/2024,8:55 AM,,,,
B1,10/22/2024,8:10 AM,10/22/2024,8:55 AM,,,,
B1,10/31/2024,8:10 AM,10/31/2024,8:55 AM,,,,
B1,11/11/2024,8:10 AM,11/11/2024,8:55 AM,,,,
B1,11/20/2024,8:10 AM,11/20/2024,8:55 AM,,,,
B1,12/4/2024,8:10 AM,12/4/2024,8:55 AM,,,,
B1,1/7/2025,8:10 AM,1/7/2025,8:55 AM,,,,
B1,1/16/2025,8:10 AM,1/16/2025,8:55 AM,,,,
B1,1/28/2025,8:10 AM,1/28/2025,8:55 AM,,,,
B1,2/6/2025,8:10 AM,2/6/2025,8:55 AM,,,,
B1,2/18/2025,8:10 AM,2/18/2025,8:55 AM,,,,
B1,2/27/2025,8:10 AM,2/27/2025,8:55 AM,,,,
B1,3/10/2025,8:10 AM,3/10/2025,8:55 AM,,,,
B1,4/3/2025,8:10 AM,4/3/2025,8:55 AM,,,,
B1,4/14/2025,8:10 AM,4/14/2025,8:55 AM,,,,
B1,4/23/2025,8:10 AM,4/23/2025,8:55 AM,,,,
B1,5/5/2025,8:10 AM,5/5/2025,8:55 AM,,,,
B1,5/14/2025,8:10 AM,5/14/2025,8:55 AM,,,,
B2,8/28/2024,8:55 AM,8/28/2024,9:40 AM,,,,
B2,9/9/2024,8:55 AM,9/9/2024,9:40 AM,,,,
B2,9/19/2024,8:55 AM,9/19/2024,9:40 AM,,,,
B2,9/30/2024,8:55 AM,9/30/2024,9:40 AM,,,,
B2,10/9/2024,8:55 AM,10/9/2024,9:40 AM,,,,
B2,10/22/2024,8:55 AM,10/22/2024,9:40 AM,,,,
B2,10/31/2024,8:55 AM,10/31/2024,9:40 AM,,,,
B2,11/11/2024,8:55 AM,11/11/2024,9:40 AM,,,,
B2,11/20/2024,8:55 AM,11/20/2024,9:40 AM,,,,
B2,12/4/2024,8:55 AM,12/4/2024,9:40 AM,,,,
B2,1/7/2025,8:55 AM,1/7/2025,9:40 AM,,,,
B2,1/16/2025,8:55 AM,1/16/2025,9:40 AM,,,,
B2,1/28/2025,8:55 AM,1/28/2025,9:40 AM,,,,
B2,2/6/2025,8:55 AM,2/6/2025,9:40 AM,,,,
B2,2/18/2025,8:55 AM,2/18/2025,9:40 AM,,,,
B2,2/27/2025,8:55 AM,2/27/2025,9:40 AM,,,,
B2,3/10/2025,8:55 AM,3/10/2025,9:40 AM,,,,
B2,4/3/2025,8:55 AM,4/3/2025,9:40 AM,,,,
B2,4/14/2025,8:55 AM,4/14/2025,9:40 AM,,,,
B2,4/23/2025,8:55 AM,4/23/2025,9:40 AM,,,,
B2,5/5/2025,8:55 AM,5/5/2025,9:40 AM,,,,
B2,5/14/2025,8:55 AM,5/14/2025,9:40 AM,,,,
B3,8/28/2024,10:00 AM,8/28/2024,10:45 AM,,,,
B3,9/9/2024,10:00 AM,9/9/2024,10:45 AM,,,,
B3,9/19/2024,10:00 AM,9/19/2024,10:45 AM,,,,
B3,9/30/2024,10:00 AM,9/30/2024,10:45 AM,,,,
B3,10/9/2024,10:00 AM,10/9/2024,10:45 AM,,,,
B3,10/22/2024,10:00 AM,10/22/2024,10:45 AM,,,,
B3,10/31/2024,10:00 AM,10/31/2024,10:45 AM,,,,
B3,11/11/2024,10:00 AM,11/11/2024,10:45 AM,,,,
B3,11/20/2024,10:00 AM,11/20/2024,10:45 AM,,,,
B3,12/4/2024,10:00 AM,12/4/2024,10:45 AM,,,,
B3,1/7/2025,10:00 AM,1/7/2025,10:45 AM,,,,
B3,1/16/2025,10:00 AM,1/16/2025,10:45 AM,,,,
B3,1/28/2025,10:00 AM,1/28/2025,10:45 AM,,,,
B3,2/6/2025,10:00 AM,2/6/2025,10:45 AM,,,,
B3,2/18/2025,10:00 AM,2/18/2025,10:45 AM,,,,
B3,2/27/2025,10:00 AM,2/27/2025,10:45 AM,,,,
B3,3/10/2025,10:00 AM,3/10/2025,10:45 AM,,,,
B3,4/3/2025,10:00 AM,4/3/2025,10:45 AM,,,,
B3,4/14/2025,10:00 AM,4/14/2025,10:45 AM,,,,
B3,4/23/2025,10:00 AM,4/23/2025,10:45 AM,,,,
B3,5/5/2025,10:00 AM,5/5/2025,10:45 AM,,,,
B3,5/14/2025,10:00 AM,5/14/2025,10:45 AM,,,,
B4,8/28/2024,10:45 AM,8/28/2024,11:30 AM,,,,
B4,9/9/2024,10:45 AM,9/9/2024,11:30 AM,,,,
B4,9/19/2024,10:45 AM,9/19/2024,11:30 AM,,,,
B4,9/30/2024,10:45 AM,9/30/2024,11:30 AM,,,,
B4,10/9/2024,10:45 AM,10/9/2024,11:30 AM,,,,
B4,10/22/2024,10:45 AM,10/22/2024,11:30 AM,,,,
B4,10/31/2024,10:45 AM,10/31/2024,11:30 AM,,,,
B4,11/11/2024,10:45 AM,11/11/2024,11:30 AM,,,,
B4,11/20/2024,10:45 AM,11/20/2024,11:30 AM,,,,
B4,12/4/2024,10:45 AM,12/4/2024,11:30 AM,,,,
B4,1/7/2025,10:45 AM,1/7/2025,11:30 AM,,,,
B4,1/16/2025,10:45 AM,1/16/2025,11:30 AM,,,,
B4,1/28/2025,10:45 AM,1/28/2025,11:30 AM,,,,
B4,2/6/2025,10:45 AM,2/6/2025,11:30 AM,,,,
B4,2/18/2025,10:45 AM,2/18/2025,11:30 AM,,,,
B4,2/27/2025,10:45 AM,2/27/2025,11:30 AM,,,,
B4,3/10/2025,10:45 AM,3/10/2025,11:30 AM,,,,
B4,4/3/2025,10:45 AM,4/3/2025,11:30 AM,,,,
B4,4/14/2025,10:45 AM,4/14/2025,11:30 AM,,,,
B4,4/23/2025,10:45 AM,4/23/2025,11:30 AM,,,,
B4,5/5/2025,10:45 AM,5/5/2025,11:30 AM,,,,
B4,5/14/2025,10:45 AM,5/14/2025,11:30 AM,,,,
B5,8/28/2024,11:30 AM,8/28/2024,12:15 PM,,,,
B5,9/9/2024,11:30 AM,9/9/2024,12:15 PM,,,,
B5,9/19/2024,11:30 AM,9/19/2024,12:15 PM,,,,
B5,9/30/2024,11:30 AM,9/30/2024,12:15 PM,,,,
B5,10/9/2024,11:30 AM,10/9/2024,12:15 PM,,,,
B5,10/22/2024,11:30 AM,10/22/2024,12:15 PM,,,,
B5,10/31/2024,11:30 AM,10/31/2024,12:15 PM,,,,
B5,11/11/2024,11:30 AM,11/11/2024,12:15 PM,,,,
B5,11/20/2024,11:30 AM,11/20/2024,12:15 PM,,,,
B5,12/4/2024,11:30 AM,12/4/2024,12:15 PM,,,,
B5,1/7/2025,11:30 AM,1/7/2025,12:15 PM,,,,
B5,1/16/2025,11:30 AM,1/16/2025,12:15 PM,,,,
B5,1/28/2025,11:30 AM,1/28/2025,12:15 PM,,,,
B5,2/6/2025,11:30 AM,2/6/2025,12:15 PM,,,,
B5,2/18/2025,11:30 AM,2/18/2025,12:15 PM,,,,
B5,2/27/2025,11:30 AM,2/27/2025,12:15 PM,,,,
B5,3/10/2025,11:30 AM,3/10/2025,12:15 PM,,,,
B5,4/3/2025,11:30 AM,4/3/2025,12:15 PM,,,,
B5,4/14/2025,11:30 AM,4/14/2025,12:15 PM,,,,
B5,4/23/2025,11:30 AM,4/23/2025,12:15 PM,,,,
B5,5/5/2025,11:30 AM,5/5/2025,12:15 PM,,,,
B5,5/14/2025,11:30 AM,5/14/2025,12:15 PM,,,,
B6,8/28/2024,12:15 PM,8/28/2024,1:00 PM,,,,
B6,9/9/2024,12:15 PM,9/9/2024,1:00 PM,,,,
B6,9/19/2024,12:15 PM,9/19/2024,1:00 PM,,,,
B6,9/30/2024,12:15 PM,9/30/2024,1:00 PM,,,,
B6,10/9/2024,12:15 PM,10/9/2024,1:00 PM,,,,
B6,10/22/2024,12:15 PM,10/22/2024,1:00 PM,,,,
B6,10/31/2024,12:15 PM,10/31/2024,1:00 PM,,,,
B6,11/11/2024,12:15 PM,11/11/2024,1:00 PM,,,,
B6,11/20/2024,12:15 PM,11/20/2024,1:00 PM,,,,
B6,12/4/2024,12:15 PM,12/4/2024,1:00 PM,,,,
B6,1/7/2025,12:15 PM,1/7/2025,1:00 PM,,,,
B6,1/16/2025,12:15 PM,1/16/2025,1:00 PM,,,,
B6,1/28/2025,12:15 PM,1/28/2025,1:00 PM,,,,
B6,2/6/2025,12:15 PM,2/6/2025,1:00 PM,,,,
B6,2/18/2025,12:15 PM,2/18/2025,1:00 PM,,,,
B6,2/27/2025,12:15 PM,2/27/2025,1:00 PM,,,,
B6,3/10/2025,12:15 PM,3/10/2025,1:00 PM,,,,
B6,4/3/2025,12:15 PM,4/3/2025,1:00 PM,,,,
B6,4/14/2025,12:15 PM,4/14/2025,1:00 PM,,,,
B6,4/23/2025,12:15 PM,4/23/2025,1:00 PM,,,,
B6,5/5/2025,12:15 PM,5/5/2025,1:00 PM,,,,
B6,5/14/2025,12:15 PM,5/14/2025,1:00 PM,,,,
B7,8/28/2024,1:30 PM,8/28/2024,2:15 PM,,,,
B7,9/9/2024,1:30 PM,9/9/2024,2:15 PM,,,,
B7,9/19/2024,1:30 PM,9/19/2024,2:15 PM,,,,
B7,9/30/2024,1:30 PM,9/30/2024,2:15 PM,,,,
B7,10/9/2024,1:30 PM,10/9/2024,2:15 PM,,,,
B7,10/22/2024,1:00 PM,10/22/2024,1:45 PM,,,,
B7,10/31/2024,1:30 PM,10/31/2024,2:15 PM,,,,
B7,11/11/2024,1:30 PM,11/11/2024,2:15 PM,,,,
B7,11/20/2024,1:30 PM,11/20/2024,2:15 PM,,,,
B7,12/4/2024,1:30 PM,12/4/2024,2:15 PM,,,,
B7,1/7/2025,1:00 PM,1/7/2025,1:45 PM,,,,
B7,1/16/2025,1:30 PM,1/16/2025,2:15 PM,,,,
B7,1/28/2025,1:00 PM,1/28/2025,1:45 PM,,,,
B7,2/6/2025,1:30 PM,2/6/2025,2:15 PM,,,,
B7,2/18/2025,1:00 PM,2/18/2025,1:45 PM,,,,
B7,2/27/2025,1:30 PM,2/27/2025,2:15 PM,,,,
B7,3/10/2025,1:30 PM,3/10/2025,2:15 PM,,,,
B7,4/3/2025,1:30 PM,4/3/2025,2:15 PM,,,,
B7,4/14/2025,1:30 PM,4/14/2025,2:15 PM,,,,
B7,4/23/2025,1:30 PM,4/23/2025,2:15 PM,,,,
B7,5/5/2025,1:30 PM,5/5/2025,2:15 PM,,,,
B7,5/14/2025,1:30 PM,5/14/2025,2:15 PM,,,,
B8,8/28/2024,2:15 PM,8/28/2024,3:00 PM,,,,
B8,9/9/2024,2:15 PM,9/9/2024,3:00 PM,,,,
B8,9/19/2024,2:15 PM,9/19/2024,3:00 PM,,,,
B8,9/30/2024,2:15 PM,9/30/2024,3:00 PM,,,,
B8,10/9/2024,2:15 PM,10/9/2024,3:00 PM,,,,
B8,10/22/2024,1:45 PM,10/22/2024,2:30 PM,,,,
B8,10/31/2024,2:15 PM,10/31/2024,3:00 PM,,,,
B8,11/11/2024,2:15 PM,11/11/2024,3:00 PM,,,,
B8,11/20/2024,2:15 PM,11/20/2024,3:00 PM,,,,
B8,12/4/2024,2:15 PM,12/4/2024,3:00 PM,,,,
B8,1/7/2025,1:45 PM,1/7/2025,2:30 PM,,,,
B8,1/16/2025,2:15 PM,1/16/2025,3:00 PM,,,,
B8,1/28/2025,1:45 PM,1/28/2025,2:30 PM,,,,
B8,2/6/2025,2:15 PM,2/6/2025,3:00 PM,,,,
B8,2/18/2025,1:45 PM,2/18/2025,2:30 PM,,,,
B8,2/27/2025,2:15 PM,2/27/2025,3:00 PM,,,,
B8,3/10/2025,2:15 PM,3/10/2025,3:00 PM,,,,
B8,4/3/2025,2:15 PM,4/3/2025,3:00 PM,,,,
B8,4/14/2025,2:15 PM,4/14/2025,3:00 PM,,,,
B8,4/23/2025,2:15 PM,4/23/2025,3:00 PM,,,,
B8,5/5/2025,2:15 PM,5/5/2025,3:00 PM,,,,
B8,5/14/2025,2:15 PM,5/14/2025,3:00 PM,,,,
Break,8/28/2024,1:00 PM,8/28/2024,1:30 PM,,,,
Break,8/29/2024,1:00 PM,8/29/2024,1:30 PM,,,,
Break,9/6/2024,1:00 PM,9/6/2024,1:30 PM,,,,
Break,9/9/2024,1:00 PM,9/9/2024,1:30 PM,,,,
Break,9/10/2024,9:40 AM,9/10/2024,10:00 AM,,,,
Break,9/12/2024,1:00 PM,9/12/2024,1:30 PM,,,,
Break,9/17/2024,9:40 AM,9/17/2024,10:00 AM,,,,
Break,9/19/2024,1:00 PM,9/19/2024,1:30 PM,,,,
Break,9/20/2024,1:00 PM,9/20/2024,1:30 PM,,,,
Break,9/24/2024,9:40 AM,9/24/2024,10:00 AM,,,,
Break,9/26/2024,1:00 PM,9/26/2024,1:30 PM,,,,
Break,9/30/2024,1:00 PM,9/30/2024,1:30 PM,,,,
Break,10/1/2024,9:40 AM,10/1/2024,10:00 AM,,,,
Break,10/3/2024,1:00 PM,10/3/2024,1:30 PM,,,,
Break,10/8/2024,9:40 AM,10/8/2024,10:00 AM,,,,
Break,10/9/2024,1:00 PM,10/9/2024,1:30 PM,,,,
Break,10/10/2024,1:00 PM,10/10/2024,1:30 PM,,,,
Break,10/21/2024,1:00 PM,10/21/2024,1:30 PM,,,,
Break,10/22/2024,9:40 AM,10/22/2024,10:00 AM,,,,
Break,10/25/2024,1:00 PM,10/25/2024,1:30 PM,,,,
Break,10/29/2024,10:10 AM,10/29/2024,10:30 AM,,,,
Break,10/30/2024,1:00 PM,10/30/2024,1:30 PM,,,,
Break,10/31/2024,1:00 PM,10/31/2024,1:30 PM,,,,
Break,11/1/2024,1:00 PM,11/1/2024,1:30 PM,,,,
Break,11/5/2024,9:40 AM,11/5/2024,10:00 AM,,,,
Break,11/8/2024,1:00 PM,11/8/2024,1:30 PM,,,,
Break,11/11/2024,1:00 PM,11/11/2024,1:30 PM,,,,
Break,11/12/2024,9:40 AM,11/12/2024,10:00 AM,,,,
Break,11/14/2024,1:00 PM,11/14/2024,1:30 PM,,,,
Break,11/19/2024,9:40 AM,11/19/2024,10:00 AM,,,,
Break,11/20/2024,1:00 PM,11/20/2024,1:30 PM,,,,
Break,11/21/2024,1:00 PM,11/21/2024,1:30 PM,,,,
Break,11/25/2024,1:00 PM,11/25/2024,1:30 PM,,,,
Break,11/26/2024,10:10 AM,11/26/2024,10:30 AM,,,,
Break,12/3/2024,9:40 AM,12/3/2024,10:00 AM,,,,
Break,12/4/2024,1:00 PM,12/4/2024,1:30 PM,,,,
Break,12/5/2024,1:00 PM,12/5/2024,1:30 PM,,,,
Break,12/9/2024,1:00 PM,12/9/2024,1:30 PM,,,,
Break,12/10/2024,9:40 AM,12/10/2024,10:00 AM,,,,
Break,1/6/2025,1:00 PM,1/6/2025,1:30 PM,,,,
Break,1/7/2025,9:40 AM,1/7/2025,10:00 AM,,,,
Break,1/8/2025,1:00 PM,1/8/2025,1:30 PM,,,,
Break,1/10/2025,1:00 PM,1/10/2025,1:30 PM,,,,
Break,1/14/2025,10:10 AM,1/14/2025,10:30 AM,,,,
Break,1/15/2025,1:00 PM,1/15/2025,1:30 PM,,,,
Break,1/16/2025,1:00 PM,1/16/2025,1:30 PM,,,,
Break,1/17/2025,1:00 PM,1/17/2025,1:30 PM,,,,
Break,1/22/2025,1:00 PM,1/22/2025,1:30 PM,,,,
Break,1/27/2025,1:00 PM,1/27/2025,1:30 PM,,,,
Break,1/28/2025,9:40 AM,1/28/2025,10:00 AM,,,,
Break,1/29/2025,1:00 PM,1/29/2025,1:30 PM,,,,
Break,1/31/2025,1:00 PM,1/31/2025,1:30 PM,,,,
Break,2/4/2025,10:10 AM,2/4/2025,10:30 AM,,,,
Break,2/5/2025,1:00 PM,2/5/2025,1:30 PM,,,,
Break,2/6/2025,1:00 PM,2/6/2025,1:30 PM,,,,
Break,2/7/2025,1:00 PM,2/7/2025,1:30 PM,,,,
Break,2/11/2025,9:40 AM,2/11/2025,10:00 AM,,,,
Break,2/14/2025,1:00 PM,2/14/2025,1:30 PM,,,,
Break,2/19/2025,1:00 PM,2/19/2025,1:30 PM,,,,
Break,2/21/2025,1:00 PM,2/21/2025,1:30 PM,,,,
Break,2/25/2025,10:10 AM,2/25/2025,10:30 AM,,,,
Break,2/26/2025,1:00 PM,2/26/2025,1:30 PM,,,,
Break,2/27/2025,1:00 PM,2/27/2025,1:30 PM,,,,
Break,2/28/2025,1:00 PM,2/28/2025,1:30 PM,,,,
Break,3/4/2025,9:40 AM,3/4/2025,10:00 AM,,,,
Break,3/7/2025,1:00 PM,3/7/2025,1:30 PM,,,,
Break,3/10/2025,1:00 PM,3/10/2025,1:30 PM,,,,
Break,3/11/2025,9:40 AM,3/11/2025,10:00 AM,,,,
Break,3/31/2025,1:00 PM,3/31/2025,1:30 PM,,,,
Break,4/1/2025,9:40 AM,4/1/2025,10:00 AM,,,,
Break,4/2/2025,1:00 PM,4/2/2025,1:30 PM,,,,
Break,4/3/2025,1:00 PM,4/3/2025,1:30 PM,,,,
Break,4/4/2025,1:00 PM,4/4/2025,1:30 PM,,,,
Break,4/8/2025,9:40 AM,4/8/2025,10:00 AM,,,,
Break,4/11/2025,1:00 PM,4/11/2025,1:30 PM,,,,
Break,4/14/2025,1:00 PM,4/14/2025,1:30 PM,,,,
Break,4/15/2025,9:40 AM,4/15/2025,10:00 AM,,,,
Break,4/17/2025,1:00 PM,4/17/2025,1:30 PM,,,,
Break,4/22/2025,9:40 AM,4/22/2025,10:00 AM,,,,
Break,4/23/2025,1:00 PM,4/23/2025,1:30 PM,,,,
Break,4/25/2025,1:00 PM,4/25/2025,1:30 PM,,,,
Break,4/29/2025,9:40 AM,4/29/2025,10:00 AM,,,,
Break,5/2/2025,1:00 PM,5/2/2025,1:30 PM,,,,
Break,5/5/2025,1:00 PM,5/5/2025,1:30 PM,,,,
Break,5/6/2025,9:40 AM,5/6/2025,10:00 AM,,,,
Break,5/8/2025,1:00 PM,5/8/2025,1:30 PM,,,,
Break,5/13/2025,9:40 AM,5/13/2025,10:00 AM,,,,
Break,5/14/2025,1:00 PM,5/14/2025,1:30 PM,,,,
Break,5/15/2025,1:00 PM,5/15/2025,1:30 PM,,,,
Break,5/19/2025,1:00 PM,5/19/2025,1:30 PM,,,,
Break,5/20/2025,9:40 AM,5/20/2025,10:00 AM,,,,
C1,8/29/2024,8:10 AM,8/29/2024,8:55 AM,,,,
C1,9/10/2024,8:10 AM,9/10/2024,8:55 AM,,,,
C1,9/20/2024,8:10 AM,9/20/2024,8:55 AM,,,,
C1,10/1/2024,8:10 AM,10/1/2024,8:55 AM,,,,
C1,10/10/2024,8:10 AM,10/10/2024,8:55 AM,,,,
C1,10/23/2024,8:10 AM,10/23/2024,8:55 AM,,,,
C1,11/1/2024,8:10 AM,11/1/2024,8:55 AM,,,,
C1,11/12/2024,8:10 AM,11/12/2024,8:55 AM,,,,
C1,11/21/2024,8:10 AM,11/21/2024,8:55 AM,,,,
C1,12/5/2024,8:10 AM,12/5/2024,8:55 AM,,,,
C1,1/8/2025,8:10 AM,1/8/2025,8:55 AM,,,,
C1,1/17/2025,8:10 AM,1/17/2025,8:55 AM,,,,
C1,1/29/2025,8:10 AM,1/29/2025,8:55 AM,,,,
C1,2/7/2025,8:10 AM,2/7/2025,8:55 AM,,,,
C1,2/19/2025,8:10 AM,2/19/2025,8:55 AM,,,,
C1,2/28/2025,8:10 AM,2/28/2025,8:55 AM,,,,
C1,3/11/2025,8:10 AM,3/11/2025,8:55 AM,,,,
C1,4/4/2025,8:10 AM,4/4/2025,8:55 AM,,,,
C1,4/15/2025,8:10 AM,4/15/2025,8:55 AM,,,,
C1,4/25/2025,8:10 AM,4/25/2025,8:55 AM,,,,
C1,5/6/2025,8:10 AM,5/6/2025,8:55 AM,,,,
C1,5/15/2025,8:10 AM,5/15/2025,8:55 AM,,,,
C2,8/29/2024,8:55 AM,8/29/2024,9:40 AM,,,,
C2,9/10/2024,8:55 AM,9/10/2024,9:40 AM,,,,
C2,9/20/2024,8:55 AM,9/20/2024,9:40 AM,,,,
C2,10/1/2024,8:55 AM,10/1/2024,9:40 AM,,,,
C2,10/10/2024,8:55 AM,10/10/2024,9:40 AM,,,,
C2,10/23/2024,8:55 AM,10/23/2024,9:40 AM,,,,
C2,11/1/2024,8:55 AM,11/1/2024,9:40 AM,,,,
C2,11/12/2024,8:55 AM,11/12/2024,9:40 AM,,,,
C2,11/21/2024,8:55 AM,11/21/2024,9:40 AM,,,,
C2,12/5/2024,8:55 AM,12/5/2024,9:40 AM,,,,
C2,1/8/2025,8:55 AM,1/8/2025,9:40 AM,,,,
C2,1/17/2025,8:55 AM,1/17/2025,9:40 AM,,,,
C2,1/29/2025,8:55 AM,1/29/2025,9:40 AM,,,,
C2,2/7/2025,8:55 AM,2/7/2025,9:40 AM,,,,
C2,2/19/2025,8:55 AM,2/19/2025,9:40 AM,,,,
C2,2/28/2025,8:55 AM,2/28/2025,9:40 AM,,,,
C2,3/11/2025,8:55 AM,3/11/2025,9:40 AM,,,,
C2,4/4/2025,8:55 AM,4/4/2025,9:40 AM,,,,
C2,4/15/2025,8:55 AM,4/15/2025,9:40 AM,,,,
C2,4/25/2025,8:55 AM,4/25/2025,9:40 AM,,,,
C2,5/6/2025,8:55 AM,5/6/2025,9:40 AM,,,,
C2,5/15/2025,8:55 AM,5/15/2025,9:40 AM,,,,
C3,8/29/2024,10:00 AM,8/29/2024,10:45 AM,,,,
C3,9/10/2024,10:00 AM,9/10/2024,10:45 AM,,,,
C3,9/20/2024,10:00 AM,9/20/2024,10:45 AM,,,,
C3,10/1/2024,10:00 AM,10/1/2024,10:45 AM,,,,
C3,10/10/2024,10:00 AM,10/10/2024,10:45 AM,,,,
C3,10/23/2024,10:00 AM,10/23/2024,10:45 AM,,,,
C3,11/1/2024,10:00 AM,11/1/2024,10:45 AM,,,,
C3,11/12/2024,10:00 AM,11/12/2024,10:45 AM,,,,
C3,11/21/2024,10:00 AM,11/21/2024,10:45 AM,,,,
C3,12/5/2024,10:00 AM,12/5/2024,10:45 AM,,,,
C3,1/8/2025,10:00 AM,1/8/2025,10:45 AM,,,,
C3,1/17/2025,10:00 AM,1/17/2025,10:45 AM,,,,
C3,1/29/2025,10:00 AM,1/29/2025,10:45 AM,,,,
C3,2/7/2025,10:00 AM,2/7/2025,10:45 AM,,,,
C3,2/19/2025,10:00 AM,2/19/2025,10:45 AM,,,,
C3,2/28/2025,10:00 AM,2/28/2025,10:45 AM,,,,
C3,3/11/2025,10:00 AM,3/11/2025,10:45 AM,,,,
C3,4/4/2025,10:00 AM,4/4/2025,10:45 AM,,,,
C3,4/15/2025,10:00 AM,4/15/2025,10:45 AM,,,,
C3,4/25/2025,10:00 AM,4/25/2025,10:45 AM,,,,
C3,5/6/2025,10:00 AM,5/6/2025,10:45 AM,,,,
C3,5/15/2025,10:00 AM,5/15/2025,10:45 AM,,,,
C4,8/29/2024,10:45 AM,8/29/2024,11:30 AM,,,,
C4,9/10/2024,10:45 AM,9/10/2024,11:30 AM,,,,
C4,9/20/2024,10:45 AM,9/20/2024,11:30 AM,,,,
C4,10/1/2024,10:45 AM,10/1/2024,11:30 AM,,,,
C4,10/10/2024,10:45 AM,10/10/2024,11:30 AM,,,,
C4,10/23/2024,10:45 AM,10/23/2024,11:30 AM,,,,
C4,11/1/2024,10:45 AM,11/1/2024,11:30 AM,,,,
C4,11/12/2024,10:45 AM,11/12/2024,11:30 AM,,,,
C4,11/21/2024,10:45 AM,11/21/2024,11:30 AM,,,,
C4,12/5/2024,10:45 AM,12/5/2024,11:30 AM,,,,
C4,1/8/2025,10:45 AM,1/8/2025,11:30 AM,,,,
C4,1/17/2025,10:45 AM,1/17/2025,11:30 AM,,,,
C4,1/29/2025,10:45 AM,1/29/2025,11:30 AM,,,,
C4,2/7/2025,10:45 AM,2/7/2025,11:30 AM,,,,
C4,2/19/2025,10:45 AM,2/19/2025,11:30 AM,,,,
C4,2/28/2025,10:45 AM,2/28/2025,11:30 AM,,,,
C4,3/11/2025,10:45 AM,3/11/2025,11:30 AM,,,,
C4,4/4/2025,10:45 AM,4/4/2025,11:30 AM,,,,
C4,4/15/2025,10:45 AM,4/15/2025,11:30 AM,,,,
C4,4/25/2025,10:45 AM,4/25/2025,11:30 AM,,,,
C4,5/6/2025,10:45 AM,5/6/2025,11:30 AM,,,,
C4,5/15/2025,10:45 AM,5/15/2025,11:30 AM,,,,
C5,8/29/2024,11:30 AM,8/29/2024,12:15 PM,,,,
C5,9/10/2024,11:30 AM,9/10/2024,12:15 PM,,,,
C5,9/20/2024,11:30 AM,9/20/2024,12:15 PM,,,,
C5,10/1/2024,11:30 AM,10/1/2024,12:15 PM,,,,
C5,10/10/2024,11:30 AM,10/10/2024,12:15 PM,,,,
C5,10/23/2024,11:30 AM,10/23/2024,12:15 PM,,,,
C5,11/1/2024,11:30 AM,11/1/2024,12:15 PM,,,,
C5,11/12/2024,11:30 AM,11/12/2024,12:15 PM,,,,
C5,11/21/2024,11:30 AM,11/21/2024,12:15 PM,,,,
C5,12/5/2024,11:30 AM,12/5/2024,12:15 PM,,,,
C5,1/8/2025,11:30 AM,1/8/2025,12:15 PM,,,,
C5,1/17/2025,11:30 AM,1/17/2025,12:15 PM,,,,
C5,1/29/2025,11:30 AM,1/29/2025,12:15 PM,,,,
C5,2/7/2025,11:30 AM,2/7/2025,12:15 PM,,,,
C5,2/19/2025,11:30 AM,2/19/2025,12:15 PM,,,,
C5,2/28/2025,11:30 AM,2/28/2025,12:15 PM,,,,
C5,3/11/2025,11:30 AM,3/11/2025,12:15 PM,,,,
C5,4/4/2025,11:30 AM,4/4/2025,12:15 PM,,,,
C5,4/15/2025,11:30 AM,4/15/2025,12:15 PM,,,,
C5,4/25/2025,11:30 AM,4/25/2025,12:15 PM,,,,
C5,5/6/2025,11:30 AM,5/6/2025,12:15 PM,,,,
C5,5/15/2025,11:30 AM,5/15/2025,12:15 PM,,,,
C6,8/29/2024,12:15 PM,8/29/2024,1:00 PM,,,,
C6,9/10/2024,12:15 PM,9/10/2024,1:00 PM,,,,
C6,9/20/2024,12:15 PM,9/20/2024,1:00 PM,,,,
C6,10/1/2024,12:15 PM,10/1/2024,1:00 PM,,,,
C6,10/10/2024,12:15 PM,10/10/2024,1:00 PM,,,,
C6,10/23/2024,12:15 PM,10/23/2024,1:00 PM,,,,
C6,11/1/2024,12:15 PM,11/1/2024,1:00 PM,,,,
C6,11/12/2024,12:15 PM,11/12/2024,1:00 PM,,,,
C6,11/21/2024,12:15 PM,11/21/2024,1:00 PM,,,,
C6,12/5/2024,12:15 PM,12/5/2024,1:00 PM,,,,
C6,1/8/2025,12:15 PM,1/8/2025,1:00 PM,,,,
C6,1/17/2025,12:15 PM,1/17/2025,1:00 PM,,,,
C6,1/29/2025,12:15 PM,1/29/2025,1:00 PM,,,,
C6,2/7/2025,12:15 PM,2/7/2025,1:00 PM,,,,
C6,2/19/2025,12:15 PM,2/19/2025,1:00 PM,,,,
C6,2/28/2025,12:15 PM,2/28/2025,1:00 PM,,,,
C6,3/11/2025,12:15 PM,3/11/2025,1:00 PM,,,,
C6,4/4/2025,12:15 PM,4/4/2025,1:00 PM,,,,
C6,4/15/2025,12:15 PM,4/15/2025,1:00 PM,,,,
C6,4/25/2025,12:15 PM,4/25/2025,1:00 PM,,,,
C6,5/6/2025,12:15 PM,5/6/2025,1:00 PM,,,,
C6,5/15/2025,12:15 PM,5/15/2025,1:00 PM,,,,
C7,8/29/2024,1:30 PM,8/29/2024,2:15 PM,,,,
C7,9/10/2024,1:00 PM,9/10/2024,1:45 PM,,,,
C7,9/20/2024,1:30 PM,9/20/2024,2:15 PM,,,,
C7,10/1/2024,1:00 PM,10/1/2024,1:45 PM,,,,
C7,10/10/2024,1:30 PM,10/10/2024,2:15 PM,,,,
C7,10/23/2024,1:30 PM,10/23/2024,2:15 PM,,,,
C7,11/1/2024,1:30 PM,11/1/2024,2:15 PM,,,,
C7,11/12/2024,1:00 PM,11/12/2024,1:45 PM,,,,
C7,11/21/2024,1:30 PM,11/21/2024,2:15 PM,,,,
C7,12/5/2024,1:30 PM,12/5/2024,2:15 PM,,,,
C7,1/8/2025,1:30 PM,1/8/2025,2:15 PM,,,,
C7,1/17/2025,1:30 PM,1/17/2025,2:15 PM,,,,
C7,1/29/2025,1:30 PM,1/29/2025,2:15 PM,,,,
C7,2/7/2025,1:30 PM,2/7/2025,2:15 PM,,,,
C7,2/19/2025,1:30 PM,2/19/2025,2:15 PM,,,,
C7,2/28/2025,1:30 PM,2/28/2025,2:15 PM,,,,
C7,3/11/2025,1:00 PM,3/11/2025,1:45 PM,,,,
C7,4/4/2025,1:30 PM,4/4/2025,2:15 PM,,,,
C7,4/15/2025,1:00 PM,4/15/2025,1:45 PM,,,,
C7,4/25/2025,1:30 PM,4/25/2025,2:15 PM,,,,
C7,5/6/2025,1:00 PM,5/6/2025,1:45 PM,,,,
C7,5/15/2025,1:30 PM,5/15/2025,2:15 PM,,,,
C8,8/29/2024,2:15 PM,8/29/2024,3:00 PM,,,,
C8,9/10/2024,1:45 PM,9/10/2024,2:30 PM,,,,
C8,9/20/2024,2:15 PM,9/20/2024,3:00 PM,,,,
C8,10/1/2024,1:45 PM,10/1/2024,2:30 PM,,,,
C8,10/10/2024,2:15 PM,10/10/2024,3:00 PM,,,,
C8,10/23/2024,2:15 PM,10/23/2024,3:00 PM,,,,
C8,11/1/2024,2:15 PM,11/1/2024,3:00 PM,,,,
C8,11/12/2024,1:45 PM,11/12/2024,2:30 PM,,,,
C8,11/21/2024,2:15 PM,11/21/2024,3:00 PM,,,,
C8,12/5/2024,2:15 PM,12/5/2024,3:00 PM,,,,
C8,1/8/2025,2:15 PM,1/8/2025,3:00 PM,,,,
C8,1/17/2025,2:15 PM,1/17/2025,3:00 PM,,,,
C8,1/29/2025,2:15 PM,1/29/2025,3:00 PM,,,,
C8,2/7/2025,2:15 PM,2/7/2025,3:00 PM,,,,
C8,2/19/2025,2:15 PM,2/19/2025,3:00 PM,,,,
C8,2/28/2025,2:15 PM,2/28/2025,3:00 PM,,,,
C8,3/11/2025,1:45 PM,3/11/2025,2:30 PM,,,,
C8,4/4/2025,2:15 PM,4/4/2025,3:00 PM,,,,
C8,4/15/2025,1:45 PM,4/15/2025,2:30 PM,,,,
C8,4/25/2025,2:15 PM,4/25/2025,3:00 PM,,,,
C8,5/6/2025,1:45 PM,5/6/2025,2:30 PM,,,,
C8,5/15/2025,2:15 PM,5/15/2025,3:00 PM,,,,
D1,8/30/2024,8:40 AM,8/30/2024,9:25 AM,,,,
D1,9/11/2024,8:40 AM,9/11/2024,9:25 AM,,,,
D1,9/23/2024,8:40 AM,9/23/2024,9:25 AM,,,,
D1,10/2/2024,8:40 AM,10/2/2024,9:25 AM,,,,
D1,10/11/2024,8:40 AM,10/11/2024,9:25 AM,,,,
D1,10/24/2024,8:40 AM,10/24/2024,9:25 AM,,,,
D1,11/4/2024,8:40 AM,11/4/2024,9:25 AM,,,,
D1,11/13/2024,8:40 AM,11/13/2024,9:25 AM,,,,
D1,11/22/2024,8:40 AM,11/22/2024,9:25 AM,,,,
D1,12/6/2024,8:40 AM,12/6/2024,9:25 AM,,,,
D1,1/9/2025,8:40 AM,1/9/2025,9:25 AM,,,,
D1,1/21/2025,8:40 AM,1/21/2025,9:25 AM,,,,
D1,1/30/2025,8:40 AM,1/30/2025,9:25 AM,,,,
D1,2/10/2025,8:40 AM,2/10/2025,9:25 AM,,,,
D1,2/20/2025,8:40 AM,2/20/2025,9:25 AM,,,,
D1,3/3/2025,8:40 AM,3/3/2025,9:25 AM,,,,
D1,3/13/2025,8:40 AM,3/13/2025,9:25 AM,,,,
D1,4/7/2025,8:40 AM,4/7/2025,9:25 AM,,,,
D1,4/18/2025,8:40 AM,4/18/2025,9:25 AM,,,,
D1,4/28/2025,8:40 AM,4/28/2025,9:25 AM,,,,
D1,5/7/2025,8:40 AM,5/7/2025,9:25 AM,,,,
D1,5/16/2025,8:40 AM,5/16/2025,9:25 AM,,,,
D2,8/30/2024,9:25 AM,8/30/2024,10:10 AM,,,,
D2,9/11/2024,9:25 AM,9/11/2024,10:10 AM,,,,
D2,9/23/2024,9:25 AM,9/23/2024,10:10 AM,,,,
D2,10/2/2024,9:25 AM,10/2/2024,10:10 AM,,,,
D2,10/11/2024,9:25 AM,10/11/2024,10:10 AM,,,,
D2,10/24/2024,9:25 AM,10/24/2024,10:10 AM,,,,
D2,11/4/2024,9:25 AM,11/4/2024,10:10 AM,,,,
D2,11/13/2024,9:25 AM,11/13/2024,10:10 AM,,,,
D2,11/22/2024,9:25 AM,11/22/2024,10:10 AM,,,,
D2,12/6/2024,9:25 AM,12/6/2024,10:10 AM,,,,
D2,1/9/2025,9:25 AM,1/9/2025,10:10 AM,,,,
D2,1/21/2025,9:25 AM,1/21/2025,10:10 AM,,,,
D2,1/30/2025,9:25 AM,1/30/2025,10:10 AM,,,,
D2,2/10/2025,9:25 AM,2/10/2025,10:10 AM,,,,
D2,2/20/2025,9:25 AM,2/20/2025,10:10 AM,,,,
D2,3/3/2025,9:25 AM,3/3/2025,10:10 AM,,,,
D2,3/13/2025,9:25 AM,3/13/2025,10:10 AM,,,,
D2,4/7/2025,9:25 AM,4/7/2025,10:10 AM,,,,
D2,4/18/2025,9:25 AM,4/18/2025,10:10 AM,,,,
D2,4/28/2025,9:25 AM,4/28/2025,10:10 AM,,,,
D2,5/7/2025,9:25 AM,5/7/2025,10:10 AM,,,,
D2,5/16/2025,9:25 AM,5/16/2025,10:10 AM,,,,
D3,8/30/2024,10:30 AM,8/30/2024,11:15 AM,,,,
D3,9/11/2024,10:30 AM,9/11/2024,11:15 AM,,,,
D3,9/23/2024,10:30 AM,9/23/2024,11:15 AM,,,,
D3,10/2/2024,10:30 AM,10/2/2024,11:15 AM,,,,
D3,10/11/2024,10:30 AM,10/11/2024,11:15 AM,,,,
D3,10/24/2024,10:30 AM,10/24/2024,11:15 AM,,,,
D3,11/4/2024,10:30 AM,11/4/2024,11:15 AM,,,,
D3,11/13/2024,10:30 AM,11/13/2024,11:15 AM,,,,
D3,11/22/2024,10:30 AM,11/22/2024,11:15 AM,,,,
D3,12/6/2024,10:30 AM,12/6/2024,11:15 AM,,,,
D3,1/9/2025,10:30 AM,1/9/2025,11:15 AM,,,,
D3,1/21/2025,10:30 AM,1/21/2025,11:15 AM,,,,
D3,1/30/2025,10:30 AM,1/30/2025,11:15 AM,,,,
D3,2/10/2025,10:30 AM,2/10/2025,11:15 AM,,,,
D3,2/20/2025,10:30 AM,2/20/2025,11:15 AM,,,,
D3,3/3/2025,10:30 AM,3/3/2025,11:15 AM,,,,
D3,3/13/2025,10:30 AM,3/13/2025,11:15 AM,,,,
D3,4/7/2025,10:30 AM,4/7/2025,11:15 AM,,,,
D3,4/18/2025,10:30 AM,4/18/2025,11:15 AM,,,,
D3,4/28/2025,10:30 AM,4/28/2025,11:15 AM,,,,
D3,5/7/2025,10:30 AM,5/7/2025,11:15 AM,,,,
D3,5/16/2025,10:30 AM,5/16/2025,11:15 AM,,,,
D4,8/30/2024,11:15 AM,8/30/2024,12:00 PM,,,,
D4,9/11/2024,11:15 AM,9/11/2024,12:00 PM,,,,
D4,9/23/2024,11:15 AM,9/23/2024,12:00 PM,,,,
D4,10/2/2024,11:15 AM,10/2/2024,12:00 PM,,,,
D4,10/11/2024,11:15 AM,10/11/2024,12:00 PM,,,,
D4,10/24/2024,11:15 AM,10/24/2024,12:00 PM,,,,
D4,11/4/2024,11:15 AM,11/4/2024,12:00 PM,,,,
D4,11/13/2024,11:15 AM,11/13/2024,12:00 PM,,,,
D4,11/22/2024,11:15 AM,11/22/2024,12:00 PM,,,,
D4,12/6/2024,11:15 AM,12/6/2024,12:00 PM,,,,
D4,1/9/2025,11:15 AM,1/9/2025,12:00 PM,,,,
D4,1/21/2025,11:15 AM,1/21/2025,12:00 PM,,,,
D4,1/30/2025,11:15 AM,1/30/2025,12:00 PM,,,,
D4,2/10/2025,11:15 AM,2/10/2025,12:00 PM,,,,
D4,2/20/2025,11:15 AM,2/20/2025,12:00 PM,,,,
D4,3/3/2025,11:15 AM,3/3/2025,12:00 PM,,,,
D4,3/13/2025,11:15 AM,3/13/2025,12:00 PM,,,,
D4,4/7/2025,11:15 AM,4/7/2025,12:00 PM,,,,
D4,4/18/2025,11:15 AM,4/18/2025,12:00 PM,,,,
D4,4/28/2025,11:15 AM,4/28/2025,12:00 PM,,,,
D4,5/7/2025,11:15 AM,5/7/2025,12:00 PM,,,,
D4,5/16/2025,11:15 AM,5/16/2025,12:00 PM,,,,
D5,8/30/2024,12:00 PM,8/30/2024,12:45 PM,,,,
D5,9/11/2024,12:00 PM,9/11/2024,12:45 PM,,,,
D5,9/23/2024,12:00 PM,9/23/2024,12:45 PM,,,,
D5,10/2/2024,12:00 PM,10/2/2024,12:45 PM,,,,
D5,10/11/2024,12:00 PM,10/11/2024,12:45 PM,,,,
D5,10/24/2024,12:00 PM,10/24/2024,12:45 PM,,,,
D5,11/4/2024,12:00 PM,11/4/2024,12:45 PM,,,,
D5,11/13/2024,12:00 PM,11/13/2024,12:45 PM,,,,
D5,11/22/2024,12:00 PM,11/22/2024,12:45 PM,,,,
D5,12/6/2024,12:00 PM,12/6/2024,12:45 PM,,,,
D5,1/9/2025,12:00 PM,1/9/2025,12:45 PM,,,,
D5,1/21/2025,12:00 PM,1/21/2025,12:45 PM,,,,
D5,1/30/2025,12:00 PM,1/30/2025,12:45 PM,,,,
D5,2/10/2025,12:00 PM,2/10/2025,12:45 PM,,,,
D5,2/20/2025,12:00 PM,2/20/2025,12:45 PM,,,,
D5,3/3/2025,12:00 PM,3/3/2025,12:45 PM,,,,
D5,3/13/2025,12:00 PM,3/13/2025,12:45 PM,,,,
D5,4/7/2025,12:00 PM,4/7/2025,12:45 PM,,,,
D5,4/18/2025,12:00 PM,4/18/2025,12:45 PM,,,,
D5,4/28/2025,12:00 PM,4/28/2025,12:45 PM,,,,
D5,5/7/2025,12:00 PM,5/7/2025,12:45 PM,,,,
D5,5/16/2025,12:00 PM,5/16/2025,12:45 PM,,,,
D6,8/30/2024,12:45 PM,8/30/2024,1:30 PM,,,,
D6,9/11/2024,12:45 PM,9/11/2024,1:30 PM,,,,
D6,9/23/2024,12:45 PM,9/23/2024,1:30 PM,,,,
D6,10/2/2024,12:45 PM,10/2/2024,1:30 PM,,,,
D6,10/11/2024,12:45 PM,10/11/2024,1:30 PM,,,,
D6,10/24/2024,12:45 PM,10/24/2024,1:30 PM,,,,
D6,11/4/2024,12:45 PM,11/4/2024,1:30 PM,,,,
D6,11/13/2024,12:45 PM,11/13/2024,1:30 PM,,,,
D6,11/22/2024,12:45 PM,11/22/2024,1:30 PM,,,,
D6,12/6/2024,12:45 PM,12/6/2024,1:30 PM,,,,
D6,1/9/2025,12:45 PM,1/9/2025,1:30 PM,,,,
D6,1/21/2025,12:45 PM,1/21/2025,1:30 PM,,,,
D6,1/30/2025,12:45 PM,1/30/2025,1:30 PM,,,,
D6,2/10/2025,12:45 PM,2/10/2025,1:30 PM,,,,
D6,2/20/2025,12:45 PM,2/20/2025,1:30 PM,,,,
D6,3/3/2025,12:45 PM,3/3/2025,1:30 PM,,,,
D6,3/13/2025,12:45 PM,3/13/2025,1:30 PM,,,,
D6,4/7/2025,12:45 PM,4/7/2025,1:30 PM,,,,
D6,4/18/2025,12:45 PM,4/18/2025,1:30 PM,,,,
D6,4/28/2025,12:45 PM,4/28/2025,1:30 PM,,,,
D6,5/7/2025,12:45 PM,5/7/2025,1:30 PM,,,,
D6,5/16/2025,12:45 PM,5/16/2025,1:30 PM,,,,
D7,8/30/2024,1:30 PM,8/30/2024,2:15 PM,,,,
D7,9/11/2024,1:30 PM,9/11/2024,2:15 PM,,,,
D7,9/23/2024,1:30 PM,9/23/2024,2:15 PM,,,,
D7,10/2/2024,1:30 PM,10/2/2024,2:15 PM,,,,
D7,10/11/2024,1:30 PM,10/11/2024,2:15 PM,,,,
D7,10/24/2024,1:30 PM,10/24/2024,2:15 PM,,,,
D7,11/4/2024,1:30 PM,11/4/2024,2:15 PM,,,,
D7,11/13/2024,1:30 PM,11/13/2024,2:15 PM,,,,
D7,11/22/2024,1:30 PM,11/22/2024,2:15 PM,,,,
D7,12/6/2024,1:30 PM,12/6/2024,2:15 PM,,,,
D7,1/9/2025,1:30 PM,1/9/2025,2:15 PM,,,,
D7,1/21/2025,1:30 PM,1/21/2025,2:15 PM,,,,
D7,1/30/2025,1:30 PM,1/30/2025,2:15 PM,,,,
D7,2/10/2025,1:30 PM,2/10/2025,2:15 PM,,,,
D7,2/20/2025,1:30 PM,2/20/2025,2:15 PM,,,,
D7,3/3/2025,1:30 PM,3/3/2025,2:15 PM,,,,
D7,3/13/2025,1:30 PM,3/13/2025,2:15 PM,,,,
D7,4/7/2025,1:30 PM,4/7/2025,2:15 PM,,,,
D7,4/18/2025,1:30 PM,4/18/2025,2:15 PM,,,,
D7,4/28/2025,1:30 PM,4/28/2025,2:15 PM,,,,
D7,5/7/2025,1:30 PM,5/7/2025,2:15 PM,,,,
D7,5/16/2025,1:30 PM,5/16/2025,2:15 PM,,,,
D8,8/30/2024,2:15 PM,8/30/2024,3:00 PM,,,,
D8,9/11/2024,2:15 PM,9/11/2024,3:00 PM,,,,
D8,9/23/2024,2:15 PM,9/23/2024,3:00 PM,,,,
D8,10/2/2024,2:15 PM,10/2/2024,3:00 PM,,,,
D8,10/11/2024,2:15 PM,10/11/2024,3:00 PM,,,,
D8,10/24/2024,2:15 PM,10/24/2024,3:00 PM,,,,
D8,11/4/2024,2:15 PM,11/4/2024,3:00 PM,,,,
D8,11/13/2024,2:15 PM,11/13/2024,3:00 PM,,,,
D8,11/22/2024,2:15 PM,11/22/2024,3:00 PM,,,,
D8,12/6/2024,2:15 PM,12/6/2024,3:00 PM,,,,
D8,1/9/2025,2:15 PM,1/9/2025,3:00 PM,,,,
D8,1/21/2025,2:15 PM,1/21/2025,3:00 PM,,,,
D8,1/30/2025,2:15 PM,1/30/2025,3:00 PM,,,,
D8,2/10/2025,2:15 PM,2/10/2025,3:00 PM,,,,
D8,2/20/2025,2:15 PM,2/20/2025,3:00 PM,,,,
D8,3/3/2025,2:15 PM,3/3/2025,3:00 PM,,,,
D8,3/13/2025,2:15 PM,3/13/2025,3:00 PM,,,,
D8,4/7/2025,2:15 PM,4/7/2025,3:00 PM,,,,
D8,4/18/2025,2:15 PM,4/18/2025,3:00 PM,,,,
D8,4/28/2025,2:15 PM,4/28/2025,3:00 PM,,,,
D8,5/7/2025,2:15 PM,5/7/2025,3:00 PM,,,,
D8,5/16/2025,2:15 PM,5/16/2025,3:00 PM,,,,
E1,9/3/2024,8:10 AM,9/3/2024,8:55 AM,,,,
E1,9/12/2024,8:10 AM,9/12/2024,8:55 AM,,,,
E1,9/24/2024,8:10 AM,9/24/2024,8:55 AM,,,,
E1,10/3/2024,8:10 AM,10/3/2024,8:55 AM,,,,
E1,10/15/2024,8:10 AM,10/15/2024,8:55 AM,,,,
E1,10/25/2024,8:10 AM,10/25/2024,8:55 AM,,,,
E1,11/5/2024,8:10 AM,11/5/2024,8:55 AM,,,,
E1,11/14/2024,8:10 AM,11/14/2024,8:55 AM,,,,
E1,11/25/2024,8:10 AM,11/25/2024,8:55 AM,,,,
E1,12/9/2024,8:10 AM,12/9/2024,8:55 AM,,,,
E1,1/10/2025,8:10 AM,1/10/2025,8:55 AM,,,,
E1,1/22/2025,8:10 AM,1/22/2025,8:55 AM,,,,
E1,1/31/2025,8:10 AM,1/31/2025,8:55 AM,,,,
E1,2/11/2025,8:10 AM,2/11/2025,8:55 AM,,,,
E1,2/21/2025,8:10 AM,2/21/2025,8:55 AM,,,,
E1,3/4/2025,8:10 AM,3/4/2025,8:55 AM,,,,
E1,3/31/2025,8:10 AM,3/31/2025,8:55 AM,,,,
E1,4/8/2025,8:10 AM,4/8/2025,8:55 AM,,,,
E1,4/17/2025,8:10 AM,4/17/2025,8:55 AM,,,,
E1,4/29/2025,8:10 AM,4/29/2025,8:55 AM,,,,
E1,5/8/2025,8:10 AM,5/8/2025,8:55 AM,,,,
E1,5/19/2025,8:10 AM,5/19/2025,8:55 AM,,,,
E2,9/3/2024,8:55 AM,9/3/2024,9:40 AM,,,,
E2,9/12/2024,8:55 AM,9/12/2024,9:40 AM,,,,
E2,9/24/2024,8:55 AM,9/24/2024,9:40 AM,,,,
E2,10/3/2024,8:55 AM,10/3/2024,9:40 AM,,,,
E2,10/15/2024,8:55 AM,10/15/2024,9:40 AM,,,,
E2,10/25/2024,8:55 AM,10/25/2024,9:40 AM,,,,
E2,11/5/2024,8:55 AM,11/5/2024,9:40 AM,,,,
E2,11/14/2024,8:55 AM,11/14/2024,9:40 AM,,,,
E2,11/25/2024,8:55 AM,11/25/2024,9:40 AM,,,,
E2,12/9/2024,8:55 AM,12/9/2024,9:40 AM,,,,
E2,1/10/2025,8:55 AM,1/10/2025,9:40 AM,,,,
E2,1/22/2025,8:55 AM,1/22/2025,9:40 AM,,,,
E2,1/31/2025,8:55 AM,1/31/2025,9:40 AM,,,,
E2,2/11/2025,8:55 AM,2/11/2025,9:40 AM,,,,
E2,2/21/2025,8:55 AM,2/21/2025,9:40 AM,,,,
E2,3/4/2025,8:55 AM,3/4/2025,9:40 AM,,,,
E2,3/31/2025,8:55 AM,3/31/2025,9:40 AM,,,,
E2,4/8/2025,8:55 AM,4/8/2025,9:40 AM,,,,
E2,4/17/2025,8:55 AM,4/17/2025,9:40 AM,,,,
E2,4/29/2025,8:55 AM,4/29/2025,9:40 AM,,,,
E2,5/8/2025,8:55 AM,5/8/2025,9:40 AM,,,,
E2,5/19/2025,8:55 AM,5/19/2025,9:40 AM,,,,
E3,9/3/2024,10:00 AM,9/3/2024,10:45 AM,,,,
E3,9/12/2024,10:00 AM,9/12/2024,10:45 AM,,,,
E3,9/24/2024,10:00 AM,9/24/2024,10:45 AM,,,,
E3,10/3/2024,10:00 AM,10/3/2024,10:45 AM,,,,
E3,10/15/2024,10:00 AM,10/15/2024,10:45 AM,,,,
E3,10/25/2024,10:00 AM,10/25/2024,10:45 AM,,,,
E3,11/5/2024,10:00 AM,11/5/2024,10:45 AM,,,,
E3,11/14/2024,10:00 AM,11/14/2024,10:45 AM,,,,
E3,11/25/2024,10:00 AM,11/25/2024,10:45 AM,,,,
E3,12/9/2024,10:00 AM,12/9/2024,10:45 AM,,,,
E3,1/10/2025,10:00 AM,1/10/2025,10:45 AM,,,,
E3,1/22/2025,10:00 AM,1/22/2025,10:45 AM,,,,
E3,1/31/2025,10:00 AM,1/31/2025,10:45 AM,,,,
E3,2/11/2025,10:00 AM,2/11/2025,10:45 AM,,,,
E3,2/21/2025,10:00 AM,2/21/2025,10:45 AM,,,,
E3,3/4/2025,10:00 AM,3/4/2025,10:45 AM,,,,
E3,3/31/2025,10:00 AM,3/31/2025,10:45 AM,,,,
E3,4/8/2025,10:00 AM,4/8/2025,10:45 AM,,,,
E3,4/17/2025,10:00 AM,4/17/2025,10:45 AM,,,,
E3,4/29/2025,10:00 AM,4/29/2025,10:45 AM,,,,
E3,5/8/2025,10:00 AM,5/8/2025,10:45 AM,,,,
E3,5/19/2025,10:00 AM,5/19/2025,10:45 AM,,,,
E4,9/3/2024,10:45 AM,9/3/2024,11:30 AM,,,,
E4,9/12/2024,10:45 AM,9/12/2024,11:30 AM,,,,
E4,9/24/2024,10:45 AM,9/24/2024,11:30 AM,,,,
E4,10/3/2024,10:45 AM,10/3/2024,11:30 AM,,,,
E4,10/15/2024,10:45 AM,10/15/2024,11:30 AM,,,,
E4,10/25/2024,10:45 AM,10/25/2024,11:30 AM,,,,
E4,11/5/2024,10:45 AM,11/5/2024,11:30 AM,,,,
E4,11/14/2024,10:45 AM,11/14/2024,11:30 AM,,,,
E4,11/25/2024,10:45 AM,11/25/2024,11:30 AM,,,,
E4,12/9/2024,10:45 AM,12/9/2024,11:30 AM,,,,
E4,1/10/2025,10:45 AM,1/10/2025,11:30 AM,,,,
E4,1/22/2025,10:45 AM,1/22/2025,11:30 AM,,,,
E4,1/31/2025,10:45 AM,1/31/2025,11:30 AM,,,,
E4,2/11/2025,10:45 AM,2/11/2025,11:30 AM,,,,
E4,2/21/2025,10:45 AM,2/21/2025,11:30 AM,,,,
E4,3/4/2025,10:45 AM,3/4/2025,11:30 AM,,,,
E4,3/31/2025,10:45 AM,3/31/2025,11:30 AM,,,,
E4,4/8/2025,10:45 AM,4/8/2025,11:30 AM,,,,
E4,4/17/2025,10:45 AM,4/17/2025,11:30 AM,,,,
E4,4/29/2025,10:45 AM,4/29/2025,11:30 AM,,,,
E4,5/8/2025,10:45 AM,5/8/2025,11:30 AM,,,,
E4,5/19/2025,10:45 AM,5/19/2025,11:30 AM,,,,
E5,9/3/2024,11:30 AM,9/3/2024,12:15 PM,,,,
E5,9/12/2024,11:30 AM,9/12/2024,12:15 PM,,,,
E5,9/24/2024,11:30 AM,9/24/2024,12:15 PM,,,,
E5,10/3/2024,11:30 AM,10/3/2024,12:15 PM,,,,
E5,10/15/2024,11:30 AM,10/15/2024,12:15 PM,,,,
E5,10/25/2024,11:30 AM,10/25/2024,12:15 PM,,,,
E5,11/5/2024,11:30 AM,11/5/2024,12:15 PM,,,,
E5,11/14/2024,11:30 AM,11/14/2024,12:15 PM,,,,
E5,11/25/2024,11:30 AM,11/25/2024,12:15 PM,,,,
E5,12/9/2024,11:30 AM,12/9/2024,12:15 PM,,,,
E5,1/10/2025,11:30 AM,1/10/2025,12:15 PM,,,,
E5,1/22/2025,11:30 AM,1/22/2025,12:15 PM,,,,
E5,1/31/2025,11:30 AM,1/31/2025,12:15 PM,,,,
E5,2/11/2025,11:30 AM,2/11/2025,12:15 PM,,,,
E5,2/21/2025,11:30 AM,2/21/2025,12:15 PM,,,,
E5,3/4/2025,11:30 AM,3/4/2025,12:15 PM,,,,
E5,3/31/2025,11:30 AM,3/31/2025,12:15 PM,,,,
E5,4/8/2025,11:30 AM,4/8/2025,12:15 PM,,,,
E5,4/17/2025,11:30 AM,4/17/2025,12:15 PM,,,,
E5,4/29/2025,11:30 AM,4/29/2025,12:15 PM,,,,
E5,5/8/2025,11:30 AM,5/8/2025,12:15 PM,,,,
E5,5/19/2025,11:30 AM,5/19/2025,12:15 PM,,,,
E6,9/3/2024,12:15 PM,9/3/2024,1:00 PM,,,,
E6,9/12/2024,12:15 PM,9/12/2024,1:00 PM,,,,
E6,9/24/2024,12:15 PM,9/24/2024,1:00 PM,,,,
E6,10/3/2024,12:15 PM,10/3/2024,1:00 PM,,,,
E6,10/15/2024,12:15 PM,10/15/2024,1:00 PM,,,,
E6,10/25/2024,12:15 PM,10/25/2024,1:00 PM,,,,
E6,11/5/2024,12:15 PM,11/5/2024,1:00 PM,,,,
E6,11/14/2024,12:15 PM,11/14/2024,1:00 PM,,,,
E6,11/25/2024,12:15 PM,11/25/2024,1:00 PM,,,,
E6,12/9/2024,12:15 PM,12/9/2024,1:00 PM,,,,
E6,1/10/2025,12:15 PM,1/10/2025,1:00 PM,,,,
E6,1/22/2025,12:15 PM,1/22/2025,1:00 PM,,,,
E6,1/31/2025,12:15 PM,1/31/2025,1:00 PM,,,,
E6,2/11/2025,12:15 PM,2/11/2025,1:00 PM,,,,
E6,2/21/2025,12:15 PM,2/21/2025,1:00 PM,,,,
E6,3/4/2025,12:15 PM,3/4/2025,1:00 PM,,,,
E6,3/31/2025,12:15 PM,3/31/2025,1:00 PM,,,,
E6,4/8/2025,12:15 PM,4/8/2025,1:00 PM,,,,
E6,4/17/2025,12:15 PM,4/17/2025,1:00 PM,,,,
E6,4/29/2025,12:15 PM,4/29/2025,1:00 PM,,,,
E6,5/8/2025,12:15 PM,5/8/2025,1:00 PM,,,,
E6,5/19/2025,12:15 PM,5/19/2025,1:00 PM,,,,
E7,9/3/2024,1:00 PM,9/3/2024,1:45 PM,,,,
E7,9/12/2024,1:30 PM,9/12/2024,2:15 PM,,,,
E7,9/24/2024,1:00 PM,9/24/2024,1:45 PM,,,,
E7,10/3/2024,1:30 PM,10/3/2024,2:15 PM,,,,
E7,10/15/2024,1:00 PM,10/15/2024,1:45 PM,,,,
E7,10/25/2024,1:30 PM,10/25/2024,2:15 PM,,,,
E7,11/5/2024,1:00 PM,11/5/2024,1:45 PM,,,,
E7,11/14/2024,1:30 PM,11/14/2024,2:15 PM,,,,
E7,11/25/2024,1:30 PM,11/25/2024,2:15 PM,,,,
E7,12/9/2024,1:30 PM,12/9/2024,2:15 PM,,,,
E7,1/10/2025,1:30 PM,1/10/2025,2:15 PM,,,,
E7,1/22/2025,1:30 PM,1/22/2025,2:15 PM,,,,
E7,1/31/2025,1:30 PM,1/31/2025,2:15 PM,,,,
E7,2/11/2025,1:00 PM,2/11/2025,1:45 PM,,,,
E7,2/21/2025,1:30 PM,2/21/2025,2:15 PM,,,,
E7,3/4/2025,1:00 PM,3/4/2025,1:45 PM,,,,
E7,3/31/2025,1:30 PM,3/31/2025,2:15 PM,,,,
E7,4/8/2025,1:00 PM,4/8/2025,1:45 PM,,,,
E7,4/17/2025,1:30 PM,4/17/2025,2:15 PM,,,,
E7,4/29/2025,1:00 PM,4/29/2025,1:45 PM,,,,
E7,5/8/2025,1:30 PM,5/8/2025,2:15 PM,,,,
E7,5/19/2025,1:30 PM,5/19/2025,2:15 PM,,,,
E8,9/3/2024,1:45 PM,9/3/2024,2:30 PM,,,,
E8,9/12/2024,2:15 PM,9/12/2024,3:00 PM,,,,
E8,9/24/2024,1:45 PM,9/24/2024,2:30 PM,,,,
E8,10/3/2024,2:15 PM,10/3/2024,3:00 PM,,,,
E8,10/15/2024,1:45 PM,10/15/2024,2:30 PM,,,,
E8,10/25/2024,2:15 PM,10/25/2024,3:00 PM,,,,
E8,11/5/2024,1:45 PM,11/5/2024,2:30 PM,,,,
E8,11/14/2024,2:15 PM,11/14/2024,3:00 PM,,,,
E8,11/25/2024,2:15 PM,11/25/2024,3:00 PM,,,,
E8,12/9/2024,2:15 PM,12/9/2024,3:00 PM,,,,
E8,1/10/2025,2:15 PM,1/10/2025,3:00 PM,,,,
E8,1/22/2025,2:15 PM,1/22/2025,3:00 PM,,,,
E8,1/31/2025,2:15 PM,1/31/2025,3:00 PM,,,,
E8,2/11/2025,1:45 PM,2/11/2025,2:30 PM,,,,
E8,2/21/2025,2:15 PM,2/21/2025,3:00 PM,,,,
E8,3/4/2025,1:45 PM,3/4/2025,2:30 PM,,,,
E8,3/31/2025,2:15 PM,3/31/2025,3:00 PM,,,,
E8,4/8/2025,1:45 PM,4/8/2025,2:30 PM,,,,
E8,4/17/2025,2:15 PM,4/17/2025,3:00 PM,,,,
E8,4/29/2025,1:45 PM,4/29/2025,2:30 PM,,,,
E8,5/8/2025,2:15 PM,5/8/2025,3:00 PM,,,,
E8,5/19/2025,2:15 PM,5/19/2025,3:00 PM,,,,
F1,9/4/2024,8:10 AM,9/4/2024,8:55 AM,,,,
F1,9/13/2024,8:10 AM,9/13/2024,8:55 AM,,,,
F1,9/25/2024,8:10 AM,9/25/2024,8:55 AM,,,,
F1,10/4/2024,8:10 AM,10/4/2024,8:55 AM,,,,
F1,10/17/2024,8:10 AM,10/17/2024,8:55 AM,,,,
F1,10/28/2024,8:10 AM,10/28/2024,8:55 AM,,,,
F1,11/6/2024,8:10 AM,11/6/2024,8:55 AM,,,,
F1,11/15/2024,8:10 AM,11/15/2024,8:55 AM,,,,
F1,12/2/2024,8:10 AM,12/2/2024,8:55 AM,,,,
F1,12/10/2024,8:10 AM,12/10/2024,8:55 AM,,,,
F1,1/13/2025,8:10 AM,1/13/2025,8:55 AM,,,,
F1,1/23/2025,8:10 AM,1/23/2025,8:55 AM,,,,
F1,2/3/2025,8:10 AM,2/3/2025,8:55 AM,,,,
F1,2/12/2025,8:10 AM,2/12/2025,8:55 AM,,,,
F1,2/24/2025,8:10 AM,2/24/2025,8:55 AM,,,,
F1,3/5/2025,8:10 AM,3/5/2025,8:55 AM,,,,
F1,4/1/2025,8:10 AM,4/1/2025,8:55 AM,,,,
F1,4/9/2025,8:10 AM,4/9/2025,8:55 AM,,,,
F1,4/16/2025,8:10 AM,4/16/2025,8:55 AM,,,,
F1,4/30/2025,8:10 AM,4/30/2025,8:55 AM,,,,
F1,5/9/2025,8:10 AM,5/9/2025,8:55 AM,,,,
F1,5/20/2025,8:10 AM,5/20/2025,8:55 AM,,,,
F2,9/4/2024,8:55 AM,9/4/2024,9:40 AM,,,,
F2,9/13/2024,8:55 AM,9/13/2024,9:40 AM,,,,
F2,9/25/2024,8:55 AM,9/25/2024,9:40 AM,,,,
F2,10/4/2024,8:55 AM,10/4/2024,9:40 AM,,,,
F2,10/17/2024,8:55 AM,10/17/2024,9:40 AM,,,,
F2,10/28/2024,8:55 AM,10/28/2024,9:40 AM,,,,
F2,11/6/2024,8:55 AM,11/6/2024,9:40 AM,,,,
F2,11/15/2024,8:55 AM,11/15/2024,9:40 AM,,,,
F2,12/2/2024,8:55 AM,12/2/2024,9:40 AM,,,,
F2,12/10/2024,8:55 AM,12/10/2024,9:40 AM,,,,
F2,1/13/2025,8:55 AM,1/13/2025,9:40 AM,,,,
F2,1/23/2025,8:55 AM,1/23/2025,9:40 AM,,,,
F2,2/3/2025,8:55 AM,2/3/2025,9:40 AM,,,,
F2,2/12/2025,8:55 AM,2/12/2025,9:40 AM,,,,
F2,2/24/2025,8:55 AM,2/24/2025,9:40 AM,,,,
F2,3/5/2025,8:55 AM,3/5/2025,9:40 AM,,,,
F2,4/1/2025,8:55 AM,4/1/2025,9:40 AM,,,,
F2,4/9/2025,8:55 AM,4/9/2025,9:40 AM,,,,
F2,4/16/2025,8:55 AM,4/16/2025,9:40 AM,,,,
F2,4/30/2025,8:55 AM,4/30/2025,9:40 AM,,,,
F2,5/9/2025,8:55 AM,5/9/2025,9:40 AM,,,,
F2,5/20/2025,8:55 AM,5/20/2025,9:40 AM,,,,
F3,9/4/2024,10:00 AM,9/4/2024,10:45 AM,,,,
F3,9/13/2024,10:00 AM,9/13/2024,10:45 AM,,,,
F3,9/25/2024,10:00 AM,9/25/2024,10:45 AM,,,,
F3,10/4/2024,10:00 AM,10/4/2024,10:45 AM,,,,
F3,10/17/2024,10:00 AM,10/17/2024,10:45 AM,,,,
F3,10/28/2024,10:00 AM,10/28/2024,10:45 AM,,,,
F3,11/6/2024,10:00 AM,11/6/2024,10:45 AM,,,,
F3,11/15/2024,10:00 AM,11/15/2024,10:45 AM,,,,
F3,12/2/2024,10:00 AM,12/2/2024,10:45 AM,,,,
F3,12/10/2024,10:00 AM,12/10/2024,10:45 AM,,,,
F3,1/13/2025,10:00 AM,1/13/2025,10:45 AM,,,,
F3,1/23/2025,10:00 AM,1/23/2025,10:45 AM,,,,
F3,2/3/2025,10:00 AM,2/3/2025,10:45 AM,,,,
F3,2/12/2025,10:00 AM,2/12/2025,10:45 AM,,,,
F3,2/24/2025,10:00 AM,2/24/2025,10:45 AM,,,,
F3,3/5/2025,10:00 AM,3/5/2025,10:45 AM,,,,
F3,4/1/2025,10:00 AM,4/1/2025,10:45 AM,,,,
F3,4/9/2025,10:00 AM,4/9/2025,10:45 AM,,,,
F3,4/16/2025,10:00 AM,4/16/2025,10:45 AM,,,,
F3,4/30/2025,10:00 AM,4/30/2025,10:45 AM,,,,
F3,5/9/2025,10:00 AM,5/9/2025,10:45 AM,,,,
F3,5/20/2025,10:00 AM,5/20/2025,10:45 AM,,,,
F4,9/4/2024,10:45 AM,9/4/2024,11:30 AM,,,,
F4,9/13/2024,10:45 AM,9/13/2024,11:30 AM,,,,
F4,9/25/2024,10:45 AM,9/25/2024,11:30 AM,,,,
F4,10/4/2024,10:45 AM,10/4/2024,11:30 AM,,,,
F4,10/17/2024,10:45 AM,10/17/2024,11:30 AM,,,,
F4,10/28/2024,10:45 AM,10/28/2024,11:30 AM,,,,
F4,11/6/2024,10:45 AM,11/6/2024,11:30 AM,,,,
F4,11/15/2024,10:45 AM,11/15/2024,11:30 AM,,,,
F4,12/2/2024,10:45 AM,12/2/2024,11:30 AM,,,,
F4,12/10/2024,10:45 AM,12/10/2024,11:30 AM,,,,
F4,1/13/2025,10:45 AM,1/13/2025,11:30 AM,,,,
F4,1/23/2025,10:45 AM,1/23/2025,11:30 AM,,,,
F4,2/3/2025,10:45 AM,2/3/2025,11:30 AM,,,,
F4,2/12/2025,10:45 AM,2/12/2025,11:30 AM,,,,
F4,2/24/2025,10:45 AM,2/24/2025,11:30 AM,,,,
F4,3/5/2025,10:45 AM,3/5/2025,11:30 AM,,,,
F4,4/1/2025,10:45 AM,4/1/2025,11:30 AM,,,,
F4,4/9/2025,10:45 AM,4/9/2025,11:30 AM,,,,
F4,4/16/2025,10:45 AM,4/16/2025,11:30 AM,,,,
F4,4/30/2025,10:45 AM,4/30/2025,11:30 AM,,,,
F4,5/9/2025,10:45 AM,5/9/2025,11:30 AM,,,,
F4,5/20/2025,10:45 AM,5/20/2025,11:30 AM,,,,
F5,9/4/2024,11:30 AM,9/4/2024,12:15 PM,,,,
F5,9/13/2024,11:30 AM,9/13/2024,12:15 PM,,,,
F5,9/25/2024,11:30 AM,9/25/2024,12:15 PM,,,,
F5,10/4/2024,11:30 AM,10/4/2024,12:15 PM,,,,
F5,10/17/2024,11:30 AM,10/17/2024,12:15 PM,,,,
F5,10/28/2024,11:30 AM,10/28/2024,12:15 PM,,,,
F5,11/6/2024,11:30 AM,11/6/2024,12:15 PM,,,,
F5,11/15/2024,11:30 AM,11/15/2024,12:15 PM,,,,
F5,12/2/2024,11:30 AM,12/2/2024,12:15 PM,,,,
F5,12/10/2024,11:30 AM,12/10/2024,12:15 PM,,,,
F5,1/13/2025,11:30 AM,1/13/2025,12:15 PM,,,,
F5,1/23/2025,11:30 AM,1/23/2025,12:15 PM,,,,
F5,2/3/2025,11:30 AM,2/3/2025,12:15 PM,,,,
F5,2/12/2025,11:30 AM,2/12/2025,12:15 PM,,,,
F5,2/24/2025,11:30 AM,2/24/2025,12:15 PM,,,,
F5,3/5/2025,11:30 AM,3/5/2025,12:15 PM,,,,
F5,4/1/2025,11:30 AM,4/1/2025,12:15 PM,,,,
F5,4/9/2025,11:30 AM,4/9/2025,12:15 PM,,,,
F5,4/16/2025,11:30 AM,4/16/2025,12:15 PM,,,,
F5,4/30/2025,11:30 AM,4/30/2025,12:15 PM,,,,
F5,5/9/2025,11:30 AM,5/9/2025,12:15 PM,,,,
F5,5/20/2025,11:30 AM,5/20/2025,12:15 PM,,,,
F6,9/4/2024,12:15 PM,9/4/2024,1:00 PM,,,,
F6,9/13/2024,12:15 PM,9/13/2024,1:00 PM,,,,
F6,9/25/2024,12:15 PM,9/25/2024,1:00 PM,,,,
F6,10/4/2024,12:15 PM,10/4/2024,1:00 PM,,,,
F6,10/17/2024,12:15 PM,10/17/2024,1:00 PM,,,,
F6,10/28/2024,12:15 PM,10/28/2024,1:00 PM,,,,
F6,11/6/2024,12:15 PM,11/6/2024,1:00 PM,,,,
F6,11/15/2024,12:15 PM,11/15/2024,1:00 PM,,,,
F6,12/2/2024,12:15 PM,12/2/2024,1:00 PM,,,,
F6,12/10/2024,12:15 PM,12/10/2024,1:00 PM,,,,
F6,1/13/2025,12:15 PM,1/13/2025,1:00 PM,,,,
F6,1/23/2025,12:15 PM,1/23/2025,1:00 PM,,,,
F6,2/3/2025,12:15 PM,2/3/2025,1:00 PM,,,,
F6,2/12/2025,12:15 PM,2/12/2025,1:00 PM,,,,
F6,2/24/2025,12:15 PM,2/24/2025,1:00 PM,,,,
F6,3/5/2025,12:15 PM,3/5/2025,1:00 PM,,,,
F6,4/1/2025,12:15 PM,4/1/2025,1:00 PM,,,,
F6,4/9/2025,12:15 PM,4/9/2025,1:00 PM,,,,
F6,4/16/2025,12:15 PM,4/16/2025,1:00 PM,,,,
F6,4/30/2025,12:15 PM,4/30/2025,1:00 PM,,,,
F6,5/9/2025,12:15 PM,5/9/2025,1:00 PM,,,,
F6,5/20/2025,12:15 PM,5/20/2025,1:00 PM,,,,
F7,9/4/2024,1:45 PM,9/4/2024,2:30 PM,,,,
F7,9/13/2024,1:45 PM,9/13/2024,2:30 PM,,,,
F7,9/25/2024,1:45 PM,9/25/2024,2:30 PM,,,,
F7,10/4/2024,1:45 PM,10/4/2024,2:30 PM,,,,
F7,10/17/2024,1:45 PM,10/17/2024,2:30 PM,,,,
F7,10/28/2024,1:45 PM,10/28/2024,2:30 PM,,,,
F7,11/6/2024,1:45 PM,11/6/2024,2:30 PM,,,,
F7,11/15/2024,1:45 PM,11/15/2024,2:30 PM,,,,
F7,12/2/2024,1:45 PM,12/2/2024,2:30 PM,,,,
F7,12/10/2024,1:00 PM,12/10/2024,1:45 PM,,,,
F7,1/13/2025,1:45 PM,1/13/2025,2:30 PM,,,,
F7,1/23/2025,1:45 PM,1/23/2025,2:30 PM,,,,
F7,2/3/2025,1:45 PM,2/3/2025,2:30 PM,,,,
F7,2/12/2025,1:45 PM,2/12/2025,2:30 PM,,,,
F7,2/24/2025,1:45 PM,2/24/2025,2:30 PM,,,,
F7,3/5/2025,1:45 PM,3/5/2025,2:30 PM,,,,
F7,4/1/2025,1:00 PM,4/1/2025,1:45 PM,,,,
F7,4/9/2025,1:45 PM,4/9/2025,2:30 PM,,,,
F7,4/16/2025,1:45 PM,4/16/2025,2:30 PM,,,,
F7,4/30/2025,1:45 PM,4/30/2025,2:30 PM,,,,
F7,5/9/2025,1:45 PM,5/9/2025,2:30 PM,,,,
F7,5/20/2025,1:45 PM,5/20/2025,2:30 PM,,,,
F8,9/4/2024,2:30 PM,9/4/2024,3:15 PM,,,,
F8,9/13/2024,2:30 PM,9/13/2024,3:15 PM,,,,
F8,9/25/2024,2:30 PM,9/25/2024,3:15 PM,,,,
F8,10/4/2024,2:30 PM,10/4/2024,3:15 PM,,,,
F8,10/17/2024,2:30 PM,10/17/2024,3:15 PM,,,,
F8,10/28/2024,2:30 PM,10/28/2024,3:15 PM,,,,
F8,11/6/2024,2:30 PM,11/6/2024,3:15 PM,,,,
F8,11/15/2024,2:30 PM,11/15/2024,3:15 PM,,,,
F8,12/2/2024,2:30 PM,12/2/2024,3:15 PM,,,,
F8,12/10/2024,1:45 PM,12/10/2024,2:30 PM,,,,
F8,1/13/2025,2:30 PM,1/13/2025,3:15 PM,,,,
F8,1/23/2025,2:30 PM,1/23/2025,3:15 PM,,,,
F8,2/3/2025,2:30 PM,2/3/2025,3:15 PM,,,,
F8,2/12/2025,2:30 PM,2/12/2025,3:15 PM,,,,
F8,2/24/2025,2:30 PM,2/24/2025,3:15 PM,,,,
F8,3/5/2025,2:30 PM,3/5/2025,3:15 PM,,,,
F8,4/1/2025,1:45 PM,4/1/2025,2:30 PM,,,,
F8,4/9/2025,2:30 PM,4/9/2025,3:15 PM,,,,
F8,4/16/2025,2:30 PM,4/16/2025,3:15 PM,,,,
F8,4/30/2025,2:30 PM,4/30/2025,3:15 PM,,,,
F8,5/9/2025,2:30 PM,5/9/2025,3:15 PM,,,,
F8,5/20/2025,2:30 PM,5/20/2025,3:15 PM,,,,
G1,9/5/2024,8:40 AM,9/5/2024,9:25 AM,,,,
G1,9/16/2024,8:40 AM,9/16/2024,9:25 AM,,,,
G1,9/27/2024,8:40 AM,9/27/2024,9:25 AM,,,,
G1,10/7/2024,8:40 AM,10/7/2024,9:25 AM,,,,
G1,10/18/2024,8:40 AM,10/18/2024,9:25 AM,,,,
G1,10/29/2024,8:40 AM,10/29/2024,9:25 AM,,,,
G1,11/7/2024,8:40 AM,11/7/2024,9:25 AM,,,,
G1,11/18/2024,8:40 AM,11/18/2024,9:25 AM,,,,
G1,11/26/2024,8:40 AM,11/26/2024,9:25 AM,,,,
G1,12/11/2024,8:40 AM,12/11/2024,9:25 AM,,,,
G1,1/14/2025,8:40 AM,1/14/2025,9:25 AM,,,,
G1,1/24/2025,8:40 AM,1/24/2025,9:25 AM,,,,
G1,2/4/2025,8:40 AM,2/4/2025,9:25 AM,,,,
G1,2/13/2025,8:40 AM,2/13/2025,9:25 AM,,,,
G1,2/25/2025,8:40 AM,2/25/2025,9:25 AM,,,,
G1,3/6/2025,8:40 AM,3/6/2025,9:25 AM,,,,
G1,3/14/2025,8:40 AM,3/14/2025,9:25 AM,,,,
G1,4/10/2025,8:40 AM,4/10/2025,9:25 AM,,,,
G1,4/21/2025,8:40 AM,4/21/2025,9:25 AM,,,,
G1,5/1/2025,8:40 AM,5/1/2025,9:25 AM,,,,
G1,5/12/2025,8:40 AM,5/12/2025,9:25 AM,,,,
G1,5/21/2025,8:40 AM,5/21/2025,9:25 AM,,,,
G2,9/5/2024,9:25 AM,9/5/2024,10:10 AM,,,,
G2,9/16/2024,9:25 AM,9/16/2024,10:10 AM,,,,
G2,9/27/2024,9:25 AM,9/27/2024,10:10 AM,,,,
G2,10/7/2024,9:25 AM,10/7/2024,10:10 AM,,,,
G2,10/18/2024,9:25 AM,10/18/2024,10:10 AM,,,,
G2,10/29/2024,9:25 AM,10/29/2024,10:10 AM,,,,
G2,11/7/2024,9:25 AM,11/7/2024,10:10 AM,,,,
G2,11/18/2024,9:25 AM,11/18/2024,10:10 AM,,,,
G2,11/26/2024,9:25 AM,11/26/2024,10:10 AM,,,,
G2,12/11/2024,9:25 AM,12/11/2024,10:10 AM,,,,
G2,1/14/2025,9:25 AM,1/14/2025,10:10 AM,,,,
G2,1/24/2025,9:25 AM,1/24/2025,10:10 AM,,,,
G2,2/4/2025,9:25 AM,2/4/2025,10:10 AM,,,,
G2,2/13/2025,9:25 AM,2/13/2025,10:10 AM,,,,
G2,2/25/2025,9:25 AM,2/25/2025,10:10 AM,,,,
G2,3/6/2025,9:25 AM,3/6/2025,10:10 AM,,,,
G2,3/14/2025,9:25 AM,3/14/2025,10:10 AM,,,,
G2,4/10/2025,9:25 AM,4/10/2025,10:10 AM,,,,
G2,4/21/2025,9:25 AM,4/21/2025,10:10 AM,,,,
G2,5/1/2025,9:25 AM,5/1/2025,10:10 AM,,,,
G2,5/12/2025,9:25 AM,5/12/2025,10:10 AM,,,,
G2,5/21/2025,9:25 AM,5/21/2025,10:10 AM,,,,
G3,9/5/2024,10:30 AM,9/5/2024,11:15 AM,,,,
G3,9/16/2024,10:30 AM,9/16/2024,11:15 AM,,,,
G3,9/27/2024,10:30 AM,9/27/2024,11:15 AM,,,,
G3,10/7/2024,10:30 AM,10/7/2024,11:15 AM,,,,
G3,10/18/2024,10:30 AM,10/18/2024,11:15 AM,,,,
G3,10/29/2024,10:30 AM,10/29/2024,11:15 AM,,,,
G3,11/7/2024,10:30 AM,11/7/2024,11:15 AM,,,,
G3,11/18/2024,10:30 AM,11/18/2024,11:15 AM,,,,
G3,11/26/2024,10:30 AM,11/26/2024,11:15 AM,,,,
G3,12/11/2024,10:30 AM,12/11/2024,11:15 AM,,,,
G3,1/14/2025,10:30 AM,1/14/2025,11:15 AM,,,,
G3,1/24/2025,10:30 AM,1/24/2025,11:15 AM,,,,
G3,2/4/2025,10:30 AM,2/4/2025,11:15 AM,,,,
G3,2/13/2025,10:30 AM,2/13/2025,11:15 AM,,,,
G3,2/25/2025,10:30 AM,2/25/2025,11:15 AM,,,,
G3,3/6/2025,10:30 AM,3/6/2025,11:15 AM,,,,
G3,3/14/2025,10:30 AM,3/14/2025,11:15 AM,,,,
G3,4/10/2025,10:30 AM,4/10/2025,11:15 AM,,,,
G3,4/21/2025,10:30 AM,4/21/2025,11:15 AM,,,,
G3,5/1/2025,10:30 AM,5/1/2025,11:15 AM,,,,
G3,5/12/2025,10:30 AM,5/12/2025,11:15 AM,,,,
G3,5/21/2025,10:30 AM,5/21/2025,11:15 AM,,,,
G4,9/5/2024,11:15 AM,9/5/2024,12:00 PM,,,,
G4,9/16/2024,11:15 AM,9/16/2024,12:00 PM,,,,
G4,9/27/2024,11:15 AM,9/27/2024,12:00 PM,,,,
G4,10/7/2024,11:15 AM,10/7/2024,12:00 PM,,,,
G4,10/18/2024,11:15 AM,10/18/2024,12:00 PM,,,,
G4,10/29/2024,11:15 AM,10/29/2024,12:00 PM,,,,
G4,11/7/2024,11:15 AM,11/7/2024,12:00 PM,,,,
G4,11/18/2024,11:15 AM,11/18/2024,12:00 PM,,,,
G4,11/26/2024,11:15 AM,11/26/2024,12:00 PM,,,,
G4,12/11/2024,11:15 AM,12/11/2024,12:00 PM,,,,
G4,1/14/2025,11:15 AM,1/14/2025,12:00 PM,,,,
G4,1/24/2025,11:15 AM,1/24/2025,12:00 PM,,,,
G4,2/4/2025,11:15 AM,2/4/2025,12:00 PM,,,,
G4,2/13/2025,11:15 AM,2/13/2025,12:00 PM,,,,
G4,2/25/2025,11:15 AM,2/25/2025,12:00 PM,,,,
G4,3/6/2025,11:15 AM,3/6/2025,12:00 PM,,,,
G4,3/14/2025,11:15 AM,3/14/2025,12:00 PM,,,,
G4,4/10/2025,11:15 AM,4/10/2025,12:00 PM,,,,
G4,4/21/2025,11:15 AM,4/21/2025,12:00 PM,,,,
G4,5/1/2025,11:15 AM,5/1/2025,12:00 PM,,,,
G4,5/12/2025,11:15 AM,5/12/2025,12:00 PM,,,,
G4,5/21/2025,11:15 AM,5/21/2025,12:00 PM,,,,
G5,9/5/2024,12:00 PM,9/5/2024,12:45 PM,,,,
G5,9/16/2024,12:00 PM,9/16/2024,12:45 PM,,,,
G5,9/27/2024,12:00 PM,9/27/2024,12:45 PM,,,,
G5,10/7/2024,12:00 PM,10/7/2024,12:45 PM,,,,
G5,10/18/2024,12:00 PM,10/18/2024,12:45 PM,,,,
G5,10/29/2024,12:00 PM,10/29/2024,12:45 PM,,,,
G5,11/7/2024,12:00 PM,11/7/2024,12:45 PM,,,,
G5,11/18/2024,12:00 PM,11/18/2024,12:45 PM,,,,
G5,11/26/2024,12:00 PM,11/26/2024,12:45 PM,,,,
G5,12/11/2024,12:00 PM,12/11/2024,12:45 PM,,,,
G5,1/14/2025,12:00 PM,1/14/2025,12:45 PM,,,,
G5,1/24/2025,12:00 PM,1/24/2025,12:45 PM,,,,
G5,2/4/2025,12:00 PM,2/4/2025,12:45 PM,,,,
G5,2/13/2025,12:00 PM,2/13/2025,12:45 PM,,,,
G5,2/25/2025,12:00 PM,2/25/2025,12:45 PM,,,,
G5,3/6/2025,12:00 PM,3/6/2025,12:45 PM,,,,
G5,3/14/2025,12:00 PM,3/14/2025,12:45 PM,,,,
G5,4/10/2025,12:00 PM,4/10/2025,12:45 PM,,,,
G5,4/21/2025,12:00 PM,4/21/2025,12:45 PM,,,,
G5,5/1/2025,12:00 PM,5/1/2025,12:45 PM,,,,
G5,5/12/2025,12:00 PM,5/12/2025,12:45 PM,,,,
G5,5/21/2025,12:00 PM,5/21/2025,12:45 PM,,,,
G6,9/5/2024,12:45 PM,9/5/2024,1:30 PM,,,,
G6,9/16/2024,12:45 PM,9/16/2024,1:30 PM,,,,
G6,9/27/2024,12:45 PM,9/27/2024,1:30 PM,,,,
G6,10/7/2024,12:45 PM,10/7/2024,1:30 PM,,,,
G6,10/18/2024,12:45 PM,10/18/2024,1:30 PM,,,,
G6,10/29/2024,12:45 PM,10/29/2024,1:30 PM,,,,
G6,11/7/2024,12:45 PM,11/7/2024,1:30 PM,,,,
G6,11/18/2024,12:45 PM,11/18/2024,1:30 PM,,,,
G6,11/26/2024,12:45 PM,11/26/2024,1:30 PM,,,,
G6,12/11/2024,12:45 PM,12/11/2024,1:30 PM,,,,
G6,1/14/2025,12:45 PM,1/14/2025,1:30 PM,,,,
G6,1/24/2025,12:45 PM,1/24/2025,1:30 PM,,,,
G6,2/4/2025,12:45 PM,2/4/2025,1:30 PM,,,,
G6,2/13/2025,12:45 PM,2/13/2025,1:30 PM,,,,
G6,2/25/2025,12:45 PM,2/25/2025,1:30 PM,,,,
G6,3/6/2025,12:45 PM,3/6/2025,1:30 PM,,,,
G6,3/14/2025,12:45 PM,3/14/2025,1:30 PM,,,,
G6,4/10/2025,12:45 PM,4/10/2025,1:30 PM,,,,
G6,4/21/2025,12:45 PM,4/21/2025,1:30 PM,,,,
G6,5/1/2025,12:45 PM,5/1/2025,1:30 PM,,,,
G6,5/12/2025,12:45 PM,5/12/2025,1:30 PM,,,,
G6,5/21/2025,12:45 PM,5/21/2025,1:30 PM,,,,
Handshake,8/26/2024,9:30 AM,8/26/2024,10:30 AM,,,,
HCD,9/18/2024,,9/18/2024,,,,,
Subject,Start Date,Start Time,End Date,End Time,All Day Event,Description,Location,Private
,10/23/2024,1:00 PM,10/23/2024,1:30 PM,,,,